Niveau,Methode_ML,ML_Score,IF_Score,AE_ReconError,IF_Severity,AE_Severity,ML_Severity,Jour,Ticker
Marche,IF+AE,100.0,1.0,1.792551996688577,Critique,Critique,Critique,2025-12-26,
Marche,IF+AE,65.9,0.4489221578809399,1.7447176092743568,Critique,Critique,Modéré,2025-01-03,
Marche,IF+AE,56.5,0.5787384484081661,0.9773741084951432,Critique,Critique,Faible,2025-03-21,
Marche,IF+AE,53.3,0.4848862468298334,1.085649856562919,Critique,Critique,Faible,2025-03-19,
Marche,IF+AE,51.9,0.5579081992340166,0.8269513413086481,Critique,Critique,Faible,2025-12-19,
Marche,IF+AE,50.0,0.7643124962565027,0.18674493413966015,Critique,Faible,Faible,2025-04-22,
Marche,IF+AE,45.9,0.5565108393608547,0.5612473802280229,Critique,Critique,Faible,2025-12-30,
Marche,IF+AE,39.8,0.40821761911566046,0.6843068863754431,Modéré,Critique,Normal,2025-04-10,
Marche,IF+AE,36.9,0.5042431077882884,0.296120838565329,Critique,Modéré,Normal,2025-01-02,
Marche,IF+AE,36.9,0.4803758299795703,0.3605472655456033,Critique,Modéré,Normal,2025-12-29,
Marche,IF+AE,35.2,0.5441100638085692,0.11536512440647392,Critique,Faible,Normal,2025-07-22,
Marche,IF+AE,33.7,0.4784753476332826,0.2254879730319926,Critique,Modéré,Normal,2025-12-25,
Marche,IF+AE,33.1,0.4981825977601959,0.14628813627062948,Critique,Faible,Normal,2025-11-12,
Marche,IF+AE,30.1,0.30488398057552357,0.5297330436156417,Modéré,Critique,Normal,2025-12-11,
Marche,IF+AE,28.8,0.28593317356396086,0.5242806595911589,Faible,Critique,Normal,2025-06-24,
Marche,IF+AE,28.2,0.43159736747466715,0.10402268500876967,Critique,Faible,Normal,2025-04-07,
Marche,IF+AE,24.9,0.2461468266213701,0.4556845963497731,Faible,Critique,Normal,2025-12-05,
Marche,IF+AE,24.7,0.2374775918721348,0.4697883801283695,Faible,Critique,Normal,2025-01-09,
Marche,IF+AE,24.4,0.2449816606115871,0.4367960471355228,Faible,Critique,Normal,2025-12-16,
Marche,IF+AE,21.9,0.20391587437090786,0.43437519157526344,Faible,Critique,Normal,2025-01-08,
Instrument,IF+AE,89.6,0.8268771173027056,1.560756979303745,Critique,Critique,Critique,2025-07-22,VCN
Instrument,IF+AE,85.8,0.9228809806878917,1.1886460679361381,Critique,Critique,Critique,2025-07-01,STR
Instrument,IF+AE,79.3,0.9202211244615911,0.9408356870229844,Critique,Critique,Modéré,2025-07-09,STR
Instrument,IF+AE,79.3,0.9605624928698256,0.8441504774611286,Critique,Critique,Modéré,2025-07-03,STR
Instrument,IF+AE,77.3,0.9325052002010783,0.8323568724715551,Critique,Critique,Modéré,2025-06-30,STR
Instrument,IF+AE,73.7,0.8550748708833028,0.8726592801196124,Critique,Critique,Modéré,2025-07-02,STR
Instrument,IF+AE,67.4,0.9437249136917634,0.4209322574025553,Critique,Critique,Modéré,2025-06-12,STR
Instrument,IF+AE,67.1,0.9385439106716034,0.41918673336029844,Critique,Critique,Modéré,2025-06-16,STR
Instrument,IF+AE,64.3,1.0,0.16631115277687553,Critique,Critique,Modéré,2025-06-19,STR
Instrument,IF+AE,64.0,0.9668950678009213,0.2343024911034174,Critique,Critique,Modéré,2025-06-13,STR
Instrument,IF+AE,63.1,0.9386979454512198,0.26325137536978765,Critique,Critique,Modéré,2025-06-26,STR
Instrument,IF+AE,63.1,0.9407474992658948,0.25989316953618524,Critique,Critique,Modéré,2025-06-11,STR
Instrument,IF+AE,62.1,0.9591049434812472,0.1767729422532713,Critique,Critique,Modéré,2025-07-10,INV
Instrument,IF+AE,61.3,0.8461268244090061,0.41197264014269425,Critique,Critique,Modéré,2025-07-11,MDP
Instrument,IF+AE,61.2,0.9785483226362425,0.09621922936522087,Critique,Critique,Modéré,2025-07-03,IBC
Instrument,IF+AE,60.7,0.9360948484872109,0.1767593800551265,Critique,Critique,Modéré,2025-07-10,STR
Instrument,IF+AE,60.6,0.8705008078138015,0.3285353988677585,Critique,Critique,Modéré,2025-07-09,IBC
Instrument,IF+AE,60.4,0.9037051594307987,0.23995737824390811,Critique,Critique,Modéré,2025-03-20,SNA
Instrument,IF+AE,60.4,0.9677190869299935,0.09145557022809184,Critique,Critique,Modéré,2025-06-20,STR
Instrument,IF+AE,60.3,0.9494659557648982,0.128948209830871,Critique,Critique,Modéré,2025-06-18,STR
Instrument,IF+AE,59.8,0.9814873975068676,0.03635051272313085,Critique,Critique,Faible,2025-07-03,MDP
Instrument,IF+AE,58.6,0.927398444201541,0.11598930215623723,Critique,Critique,Faible,2025-07-01,INV
Instrument,IF+AE,57.9,0.9112940452892815,0.1275800082835995,Critique,Critique,Faible,2025-12-26,GTM
Instrument,IF+AE,57.7,0.9479545013782692,0.033828910794231,Critique,Critique,Faible,2025-04-02,SNA
Instrument,IF+AE,57.5,0.9369742906293803,0.04931579986272829,Critique,Critique,Faible,2025-02-04,MOX
Instrument,IF+AE,57.4,0.9042720526059951,0.1213424814241435,Critique,Critique,Faible,2025-07-11,STR
Instrument,IF+AE,57.3,0.9489992925772592,0.012507743168844867,Critique,Modéré,Faible,2025-07-03,CRS
Instrument,IF+AE,56.8,0.9392261590876888,0.016933632645851023,Critique,Modéré,Faible,2025-06-30,INV
Instrument,IF+AE,56.7,0.9094613872194717,0.08406102681352484,Critique,Critique,Faible,2025-07-10,IBC
Instrument,IF+AE,56.3,0.9317194848335886,0.014534873606257631,Critique,Modéré,Faible,2025-07-01,MDP
Instrument,IF+AE,56.2,0.9257759045526842,0.026019207504430902,Critique,Critique,Faible,2025-04-24,S2M
Instrument,IF+AE,55.9,0.9053533555296052,0.06132718457191756,Critique,Critique,Faible,2025-07-11,INV
Instrument,IF+AE,55.8,0.915379088537432,0.03586595798316385,Critique,Critique,Faible,2025-06-20,INV
Instrument,IF+AE,55.5,0.7824481962338614,0.3320324639615168,Critique,Critique,Faible,2025-12-29,GTM
Instrument,IF+AE,55.5,0.9202001403494652,0.011521861431414399,Critique,Modéré,Faible,2025-07-03,INV
Instrument,IF+AE,55.3,0.8965766844522985,0.059698922537041725,Critique,Critique,Faible,2025-07-14,STR
Instrument,IF+AE,55.3,0.918044060110322,0.008603284137800982,Critique,Faible,Faible,2025-06-24,STR
Instrument,IF+AE,55.3,0.8790435220010908,0.09979139637738083,Critique,Critique,Faible,2025-06-25,STR
Instrument,IF+AE,55.2,0.8806465346673391,0.09387408259171212,Critique,Critique,Faible,2025-03-19,SNA
Instrument,IF+AE,55.0,0.8924086835967058,0.05822872235968776,Critique,Critique,Faible,2025-07-03,FBR
Instrument,IF+AE,54.9,0.9025078708801474,0.030115074194147155,Critique,Critique,Faible,2025-07-14,IBC
Instrument,IF+AE,54.8,0.8834118166172861,0.06816173009119773,Critique,Critique,Faible,2025-07-04,STR
Instrument,IF+AE,54.3,0.866309966141002,0.08923612005096843,Critique,Critique,Faible,2025-04-23,S2M
Instrument,IF+AE,54.3,0.8958710714258158,0.022677175396856968,Critique,Critique,Faible,2025-10-07,STR
Instrument,IF+AE,54.2,0.8478550800178164,0.13008547044636967,Critique,Critique,Faible,2025-12-25,GTM
Instrument,IF+AE,54.1,0.7582302277816604,0.3343028796886282,Critique,Critique,Faible,2025-08-04,INV
Instrument,IF+AE,54.1,0.8944229473038628,0.018573116942271692,Critique,Modéré,Faible,2025-03-26,SNA
Instrument,IF+AE,54.1,0.8877258929572088,0.032957394462319795,Critique,Critique,Faible,2025-07-14,INV
Instrument,IF+AE,53.9,0.8819774519715928,0.03677137172455,Critique,Critique,Faible,2025-02-25,FBR
Instrument,IF+AE,53.6,0.8667106355288597,0.0632889798197388,Critique,Critique,Faible,2025-07-11,IBC
Instrument,IF+AE,53.5,0.855603966545781,0.08289149277092372,Critique,Critique,Faible,2025-06-17,STR
Instrument,IF+AE,53.5,0.824731619019198,0.15727367298705938,Critique,Critique,Faible,2025-06-25,INV
Instrument,IF+AE,53.5,0.8877431511654281,0.008359281614259998,Critique,Faible,Faible,2025-06-10,STR
Instrument,IF+AE,53.3,0.8326878740925542,0.13075632403927198,Critique,Critique,Faible,2025-12-24,GTM
Instrument,IF+AE,53.3,0.8841997870337315,0.008797293698643998,Critique,Faible,Faible,2025-03-18,SNA
Instrument,IF+AE,53.2,0.8021871056171601,0.19911207261304786,Critique,Critique,Faible,2025-07-23,VCN
Instrument,IF+AE,53.1,0.8759285947151959,0.021219374455977085,Critique,Critique,Faible,2025-03-17,FBR
Instrument,IF+AE,53.1,0.8813409710301607,0.00833246869038606,Critique,Faible,Faible,2025-01-17,RDS
Instrument,IF+AE,53.1,0.882703311433063,0.006106850451607354,Critique,Faible,Faible,2025-06-23,STR
Instrument,IF+AE,52.9,0.8766751859137399,0.013300301888667543,Critique,Modéré,Faible,2025-03-20,STR
Instrument,IF+AE,52.9,0.8723180951312508,0.021608110662990822,Critique,Critique,Faible,2025-10-08,STR
Instrument,IF+AE,52.8,0.8770506144412612,0.007290469544766097,Critique,Faible,Faible,2025-02-27,FBR
Instrument,IF+AE,52.7,0.8541369070887527,0.056792210047197304,Critique,Critique,Faible,2025-07-02,FBR
Instrument,IF+AE,52.7,0.8708452191187857,0.017252203662436322,Critique,Modéré,Faible,2025-06-25,IBC
Instrument,IF+AE,52.7,0.8485557012742246,0.07076463650699603,Critique,Critique,Faible,2025-03-14,FBR
Instrument,IF+AE,52.6,0.8661381929919996,0.025769204074851924,Critique,Critique,Faible,2025-08-13,DYT
Instrument,IF+AE,52.6,0.8727097710982046,0.0073762061874889035,Critique,Faible,Faible,2025-07-04,IBC
Instrument,IF+AE,52.5,0.8654043639207718,0.02172744532936576,Critique,Critique,Faible,2025-07-07,STR
Instrument,IF+AE,52.4,0.8661126967183136,0.018395738462787428,Critique,Modéré,Faible,2025-08-15,COL
Instrument,IF+AE,52.3,0.8654266775271656,0.01562306354529408,Critique,Modéré,Faible,2025-10-06,STR
Instrument,IF+AE,52.2,0.8678933304438246,0.006673513155520058,Critique,Faible,Faible,2025-07-08,STR
Instrument,IF+AE,51.7,0.8608589088265527,0.0038359144259982056,Critique,Faible,Faible,2025-02-24,FBR
Instrument,IF+AE,51.7,0.7960823531308392,0.1520516589262931,Critique,Critique,Faible,2025-07-02,IBC
Instrument,IF+AE,51.7,0.8435542000137558,0.040687152266721954,Critique,Critique,Faible,2025-08-29,FBR
Instrument,IF+AE,51.5,0.8560722658283073,0.005069407813627778,Critique,Faible,Faible,2025-07-02,SRM
Instrument,IF+AE,51.5,0.8431563433844751,0.0363018695935503,Critique,Critique,Faible,2025-03-19,FBR
Instrument,IF+AE,51.4,0.8511786804737054,0.01243320993045945,Critique,Modéré,Faible,2025-06-18,INV
Instrument,IF+AE,51.4,0.8046293440404159,0.12314492246267683,Critique,Critique,Faible,2025-12-23,GTM
Instrument,IF+AE,51.3,0.8494356813521109,0.01122817094112121,Critique,Modéré,Faible,2025-07-15,INV
Instrument,IF+AE,51.3,0.8527107159809365,0.006873316860625743,Critique,Faible,Faible,2025-06-06,STR
Instrument,IF+AE,51.2,0.8320650121754558,0.049682588584710266,Critique,Critique,Faible,2025-06-23,INV
Instrument,IF+AE,51.2,0.8415029811462579,0.026710633673240582,Critique,Critique,Faible,2025-10-30,INV
Instrument,IF+AE,51.1,0.8184197132188831,0.07683609752467596,Critique,Critique,Faible,2025-03-26,STR
Instrument,IF+AE,50.9,0.8318014771040915,0.03964656497973097,Critique,Critique,Faible,2025-10-28,INV
Instrument,IF+AE,50.9,0.8047778275059544,0.10287895115928128,Critique,Critique,Faible,2025-06-26,INV
Instrument,IF+AE,50.8,0.835973957469542,0.023464411029528422,Critique,Critique,Faible,2025-08-18,NKL
Instrument,IF+AE,50.6,0.7813674877774247,0.14536361660333785,Critique,Critique,Faible,2025-07-24,VCN
Instrument,IF+AE,50.5,0.8154200274533854,0.062100682866132656,Critique,Critique,Faible,2025-06-26,IBC
Instrument,IF+AE,50.5,0.8307038946574684,0.02689070726340004,Critique,Critique,Faible,2025-11-03,INV
Instrument,IF+AE,50.4,0.8013211263974168,0.09020004219988581,Critique,Critique,Faible,2025-07-15,STR
Instrument,IF+AE,50.4,0.831308407196905,0.021361933621108373,Critique,Critique,Faible,2025-09-01,SNA
Instrument,IF+AE,50.3,0.832443914113804,0.015060469896625064,Critique,Modéré,Faible,2025-09-02,SNA
Instrument,IF+AE,50.3,0.8312887256874927,0.018130455799174765,Critique,Modéré,Faible,2025-08-11,COL
Instrument,IF+AE,50.2,0.8263771010899436,0.022585408293313222,Critique,Critique,Faible,2025-07-07,MDP
Instrument,IF+AE,50.1,0.8303851275120027,0.011516365813382171,Critique,Modéré,Faible,2025-06-26,SRM
Instrument,IF+AE,50.1,0.8280756404284257,0.016717108435777263,Critique,Modéré,Faible,2025-07-08,INV
Instrument,IF+AE,50.0,0.8091573670162928,0.05840417974000481,Critique,Critique,Faible,2025-07-15,IBC
Instrument,IF+AE,50.0,0.829838111611205,0.007054676451084606,Critique,Faible,Faible,2025-07-02,AFI
Instrument,IF+AE,49.9,0.7935145488542041,0.09043227926902217,Critique,Critique,Faible,2025-12-12,CAP
Instrument,IF+AE,49.9,0.8222873333831586,0.02386933404570619,Critique,Critique,Faible,2025-07-11,ZDJ
Instrument,IF+AE,49.8,0.8172560098335386,0.03116217646133334,Critique,Critique,Faible,2025-07-04,FBR
Instrument,IF+AE,49.7,0.8264424664664056,0.005799649319204702,Critique,Faible,Faible,2025-10-31,INV
Instrument,IF+AE,49.6,0.8215585183430568,0.011422510289891266,Critique,Modéré,Faible,2025-03-25,SNA
Instrument,IF+AE,49.6,0.73009300906622,0.22434102951047974,Critique,Critique,Faible,2025-07-10,MDP
Instrument,IF+AE,49.4,0.8060250260993289,0.04204465242978878,Critique,Critique,Faible,2025-08-07,FBR
Instrument,IF+AE,49.4,0.7601853575417752,0.14865268073991628,Critique,Critique,Faible,2025-07-09,INV
Instrument,IF+AE,49.4,0.8142077606595627,0.022450093284073953,Critique,Critique,Faible,2025-08-19,MUT
Instrument,IF+AE,49.3,0.8190843159489474,0.004393513868920436,Critique,Faible,Faible,2025-06-25,MDP
Instrument,IF+AE,49.3,0.7171861351925974,0.24511527632791522,Critique,Critique,Faible,2025-01-10,FBR
Instrument,IF+AE,49.3,0.8190868322545193,0.005560058399847957,Critique,Faible,Faible,2025-06-05,STR
Instrument,IF+AE,49.3,0.820700005129225,0.004205731483767723,Critique,Faible,Faible,2025-08-07,ATH
Instrument,IF+AE,49.3,0.8086690105434401,0.029206596153090285,Critique,Critique,Faible,2025-10-09,STR
Instrument,IF+AE,49.2,0.7997625990510855,0.04629312243360074,Critique,Critique,Faible,2025-07-01,IBC
Instrument,IF+AE,49.2,0.8155560488017801,0.008547903798832687,Critique,Faible,Faible,2025-07-04,INV
Instrument,IF+AE,49.1,0.8169832550286291,0.004146806686389535,Critique,Faible,Faible,2025-07-07,INV
Instrument,IF+AE,49.1,0.8065291307132876,0.026003160931137484,Critique,Critique,Faible,2025-07-01,FBR
Instrument,IF+AE,49.0,0.7936804000665285,0.05439137516438795,Critique,Critique,Faible,2025-04-25,SRM
Instrument,IF+AE,49.0,0.8110986618728864,0.01308437029006642,Critique,Modéré,Faible,2025-11-07,CMT
Instrument,IF+AE,48.9,0.8091548217229771,0.01542830961954674,Critique,Modéré,Faible,2025-07-08,IBC
Instrument,IF+AE,48.9,0.8118716228283639,0.0054936706925127685,Critique,Faible,Faible,2025-05-23,STR
Instrument,IF+AE,48.9,0.7744084108218181,0.09543498226225898,Critique,Critique,Faible,2025-07-02,MDP
Instrument,IF+AE,48.9,0.8043894003746831,0.02325995727326527,Critique,Critique,Faible,2025-07-10,ZDJ
Instrument,IF+AE,48.8,0.8117435207853927,0.00490406936001491,Critique,Faible,Faible,2025-07-04,MDP
Instrument,IF+AE,48.8,0.812156131634967,0.002861534366269364,Critique,Normal,Faible,2025-07-07,IBC
Instrument,IF+AE,48.8,0.812830145346938,0.0024619702366271007,Critique,Normal,Faible,2025-02-21,FBR
Instrument,IF+AE,48.7,0.7962792494882729,0.03601687662858091,Critique,Critique,Faible,2025-03-18,FBR
Instrument,IF+AE,48.7,0.8078712021289189,0.009257116097296795,Critique,Faible,Faible,2025-08-05,MDP
Instrument,IF+AE,48.5,0.8069007070828315,0.0022485661500950237,Critique,Normal,Faible,2025-09-12,NKL
Instrument,IF+AE,48.4,0.7442027017931488,0.14746182756647186,Critique,Critique,Faible,2025-08-04,STR
Instrument,IF+AE,48.4,0.803684855479139,0.008673226256410317,Critique,Faible,Faible,2025-03-20,FBR
Instrument,IF+AE,48.3,0.7841606383791422,0.04777733652711971,Critique,Critique,Faible,2025-07-16,IBC
Instrument,IF+AE,48.2,0.7639939376359298,0.09389876012136171,Critique,Critique,Faible,2025-08-05,STR
Instrument,IF+AE,48.2,0.7996062280178994,0.007853843558816048,Critique,Faible,Faible,2025-05-26,STR
Instrument,IF+AE,48.1,0.796953969525485,0.00922798232661342,Critique,Faible,Faible,2025-03-21,SID
Instrument,IF+AE,48.0,0.7969128045503749,0.007925437975461318,Critique,Faible,Faible,2025-08-07,SNA
Instrument,IF+AE,48.0,0.796035445546183,0.010660057616358068,Critique,Modéré,Faible,2025-06-30,IBC
Instrument,IF+AE,47.9,0.7785745948904725,0.04667390998842405,Critique,Critique,Faible,2025-08-08,FBR
Instrument,IF+AE,47.7,0.7874313531681498,0.01591658947229711,Critique,Modéré,Faible,2025-06-24,IBC
Instrument,IF+AE,47.6,0.7534760692602314,0.09268758947849183,Critique,Critique,Faible,2025-03-05,FBR
Instrument,IF+AE,47.5,0.7847659293252505,0.014399647054610018,Critique,Modéré,Faible,2025-09-11,NKL
Instrument,IF+AE,47.5,0.7840344180418612,0.017618310453841254,Critique,Modéré,Faible,2025-08-04,SNA
Instrument,IF+AE,47.4,0.7884278698113527,0.005277787400162044,Critique,Faible,Faible,2025-07-02,M2M
Instrument,IF+AE,47.4,0.7877276481799079,0.005073153345238807,Critique,Faible,Faible,2025-06-30,MDP
Instrument,IF+AE,47.4,0.7659774681558835,0.05617493640145938,Critique,Critique,Faible,2025-01-21,RDS
Instrument,IF+AE,47.4,0.7867728874147897,0.006232032972442987,Critique,Faible,Faible,2025-02-20,FBR
Instrument,IF+AE,47.3,0.76838980625553,0.044944945433692235,Critique,Critique,Faible,2025-07-09,CRS
Instrument,IF+AE,47.3,0.7831220302778701,0.011000787458671848,Critique,Modéré,Faible,2025-08-06,FBR
Instrument,IF+AE,47.2,0.7262946821069647,0.1418670937265799,Critique,Critique,Faible,2025-01-16,RDS
Instrument,IF+AE,47.2,0.7606923241741421,0.05989061869686005,Critique,Critique,Faible,2025-12-30,GTM
Instrument,IF+AE,47.2,0.7701612243725293,0.03798370758972439,Critique,Critique,Faible,2025-07-02,INV
Instrument,IF+AE,47.2,0.7807035787575641,0.014854884619614019,Critique,Modéré,Faible,2025-08-05,SNA
Instrument,IF+AE,47.2,0.7758942803812715,0.025142087836363163,Critique,Critique,Faible,2025-07-08,CRS
Instrument,IF+AE,47.2,0.7745118163563586,0.029564616412374303,Critique,Critique,Faible,2025-06-30,FBR
Instrument,IF+AE,47.0,0.7392872343307638,0.10134797579102145,Critique,Critique,Faible,2025-10-22,STR
Instrument,IF+AE,47.0,0.7811335637156511,0.0065981738924542985,Critique,Faible,Faible,2025-04-03,SNA
Instrument,IF+AE,47.0,0.7348884130052725,0.11194366731534175,Critique,Critique,Faible,2025-09-01,MDP
Instrument,IF+AE,47.0,0.7823840338257361,0.0024430891220750804,Critique,Normal,Faible,2025-05-22,STR
Instrument,IF+AE,46.9,0.7105857025739726,0.16551739906791316,Critique,Critique,Faible,2025-07-14,MDP
Instrument,IF+AE,46.9,0.7779708080941947,0.007704380082907793,Critique,Faible,Faible,2025-09-24,HPS
Instrument,IF+AE,46.9,0.7710949061562823,0.024906684741944865,Critique,Critique,Faible,2025-06-30,SRM
Instrument,IF+AE,46.8,0.773728460946697,0.015049572683244996,Critique,Modéré,Faible,2025-08-06,STR
Instrument,IF+AE,46.8,0.7593440108652086,0.04819795003767666,Critique,Critique,Faible,2025-03-21,SNA
Instrument,IF+AE,46.8,0.774859590770908,0.01226066982421892,Critique,Modéré,Faible,2025-07-09,EQD
Instrument,IF+AE,46.8,0.7774875026536157,0.0062786734282701435,Critique,Faible,Faible,2025-08-06,SNA
Instrument,IF+AE,46.8,0.7773543536912557,0.004430261630590405,Critique,Faible,Faible,2025-03-21,STR
Instrument,IF+AE,46.7,0.7745655670282361,0.01067718819959741,Critique,Modéré,Faible,2025-03-19,STR
Instrument,IF+AE,46.6,0.7734946277290309,0.007689465418942621,Critique,Faible,Faible,2025-02-10,MOX
Instrument,IF+AE,46.6,0.7741108254355521,0.004507301809443236,Critique,Faible,Faible,2025-04-03,SRM
Instrument,IF+AE,46.5,0.7727866103582377,0.006279772712297855,Critique,Faible,Faible,2025-03-12,FBR
Instrument,IF+AE,46.5,0.7628695958401439,0.028715377987952904,Critique,Critique,Faible,2025-04-03,CTM
Instrument,IF+AE,46.5,0.7689546692778891,0.013711182466550205,Critique,Modéré,Faible,2025-08-15,NKL
Instrument,IF+AE,46.4,0.7613970506633855,0.02818108687425906,Critique,Critique,Faible,2025-02-03,MOX
Instrument,IF+AE,46.3,0.766847980624214,0.009709209575843543,Critique,Faible,Faible,2025-10-16,STR
Instrument,IF+AE,46.2,0.7668892088211079,0.007697258911219584,Critique,Faible,Faible,2025-08-22,NKL
Instrument,IF+AE,46.1,0.7578183089831314,0.02627700458783056,Critique,Critique,Faible,2025-01-08,RDS
Instrument,IF+AE,46.1,0.7665468383484493,0.004557010192648728,Critique,Faible,Faible,2025-04-10,SNA
Instrument,IF+AE,46.1,0.7219669153270525,0.10679856983366082,Critique,Critique,Faible,2025-07-18,INV
Instrument,IF+AE,46.0,0.7639820499625309,0.00533565825675895,Critique,Faible,Faible,2025-10-02,STR
Instrument,IF+AE,46.0,0.7506772917004066,0.039371315943254784,Critique,Critique,Faible,2025-07-01,SRM
Instrument,IF+AE,45.9,0.7633465007968384,0.004554315213961322,Critique,Faible,Faible,2025-08-12,DYT
Instrument,IF+AE,45.9,0.7647089345882667,0.0004150877328112535,Critique,Normal,Faible,2025-02-26,FBR
Instrument,IF+AE,45.9,0.7633940634449896,0.0022551732741025433,Critique,Normal,Faible,2025-04-07,SNA
Instrument,IF+AE,45.9,0.7607902523545159,0.008923160865783045,Critique,Faible,Faible,2025-05-09,DHO
Instrument,IF+AE,45.9,0.7631276508978151,0.003047610488065441,Critique,Normal,Faible,2025-08-05,FBR
Instrument,IF+AE,45.9,0.7635714437935968,0.0027887312013438,Critique,Normal,Faible,2025-08-04,MDP
Instrument,IF+AE,45.8,0.7163203740299293,0.10867063208437112,Critique,Critique,Faible,2025-08-04,IBC
Instrument,IF+AE,45.8,0.7262312895414191,0.08771272357196408,Critique,Critique,Faible,2025-02-06,MOX
Instrument,IF+AE,45.8,0.7368426887710259,0.06341491591254304,Critique,Critique,Faible,2025-06-24,INV
Instrument,IF+AE,45.8,0.7116284518891329,0.1216234813245067,Critique,Critique,Faible,2025-07-25,VCN
Instrument,IF+AE,45.8,0.7613912614204019,0.00518650961909746,Critique,Faible,Faible,2025-03-13,FBR
Instrument,IF+AE,45.7,0.7602764758137188,0.005008654287259756,Critique,Faible,Faible,2025-08-13,COL
Instrument,IF+AE,45.7,0.7601358929291191,0.0025836589662444876,Critique,Normal,Faible,2025-03-18,STR
Instrument,IF+AE,45.7,0.7561133347501183,0.012601721296377714,Critique,Modéré,Faible,2025-08-01,SNA
Instrument,IF+AE,45.6,0.7576975445404025,0.0036374184112976213,Critique,Faible,Faible,2025-03-21,FBR
Instrument,IF+AE,45.6,0.750603477607612,0.023777729025695207,Critique,Critique,Faible,2025-08-27,SNA
Instrument,IF+AE,45.4,0.75494712645472,0.005704419403375664,Critique,Faible,Faible,2025-08-12,COL
Instrument,IF+AE,45.4,0.7503588163931321,0.014404697430702114,Critique,Modéré,Faible,2025-10-20,STR
Instrument,IF+AE,45.3,0.7491630308496655,0.014607593845128906,Critique,Modéré,Faible,2025-08-19,NKL
Instrument,IF+AE,45.2,0.7135969337191614,0.09347549934783292,Critique,Critique,Faible,2025-07-28,VCN
Instrument,IF+AE,45.1,0.7461470049958896,0.013499174122741738,Critique,Modéré,Faible,2025-11-05,CMT
Instrument,IF+AE,45.1,0.7418776983951447,0.022080374890980647,Critique,Critique,Faible,2025-09-02,MDP
Instrument,IF+AE,45.0,0.7444737636431518,0.013890396603063774,Critique,Modéré,Faible,2025-06-26,MDP
Instrument,IF+AE,45.0,0.7486068651331332,0.004306640292170232,Critique,Faible,Faible,2025-08-06,MDP
Instrument,IF+AE,45.0,0.7476778624407681,0.0060326777230872595,Critique,Faible,Faible,2025-03-04,SNA
Instrument,IF+AE,45.0,0.7342949810056522,0.03859459857325702,Critique,Critique,Faible,2025-02-05,MOX
Instrument,IF+AE,45.0,0.74721675278584,0.005572593627661552,Critique,Faible,Faible,2025-05-21,STR
Instrument,IF+AE,44.9,0.7161223474006582,0.07691702442610114,Critique,Critique,Faible,2025-07-16,STR
Instrument,IF+AE,44.9,0.7363855624124007,0.027341334711742927,Critique,Critique,Faible,2025-10-06,VCN
Instrument,IF+AE,44.8,0.7457467046847001,0.002160376157058125,Critique,Normal,Faible,2025-07-04,CRS
Instrument,IF+AE,44.7,0.7333977601013589,0.027882201127989732,Critique,Critique,Faible,2025-12-31,GTM
Instrument,IF+AE,44.6,0.740681082496839,0.005798620953344814,Critique,Faible,Faible,2025-04-17,SAH
Instrument,IF+AE,44.6,0.7373511428628502,0.015550966873056103,Critique,Modéré,Faible,2025-01-31,MOX
Instrument,IF+AE,44.6,0.5404200386767997,0.4737961613276415,Critique,Critique,Faible,2025-01-09,CTM
Instrument,IF+AE,44.6,0.7198227749035306,0.053151397552854224,Critique,Critique,Faible,2025-12-15,CAP
Instrument,IF+AE,44.5,0.7346580770092708,0.014567795785954808,Critique,Modéré,Faible,2025-02-28,FBR
Instrument,IF+AE,44.5,0.740468648221733,0.0026550392134096997,Critique,Normal,Faible,2025-03-17,SNA
Instrument,IF+AE,44.5,0.7394662960928085,0.004400729745723652,Critique,Faible,Faible,2025-09-15,NKL
Instrument,IF+AE,44.5,0.7371113435723349,0.011570419718038535,Critique,Modéré,Faible,2025-03-17,STR
Instrument,IF+AE,44.2,0.7356434006751097,0.0028709691027671864,Critique,Normal,Faible,2025-03-24,SNA
Instrument,IF+AE,44.2,0.7297509251299215,0.015530071515187018,Critique,Modéré,Faible,2025-03-28,SNA
Instrument,IF+AE,44.0,0.7325119542089329,0.003258355689560662,Critique,Faible,Faible,2025-04-21,S2M
Instrument,IF+AE,44.0,0.7161593180282912,0.03901361780806567,Critique,Critique,Faible,2025-07-08,SRM
Instrument,IF+AE,43.9,0.726181060711859,0.011653967381596127,Critique,Modéré,Faible,2025-07-08,ZDJ
Instrument,IF+AE,43.8,0.7256762971165442,0.011191910563026465,Critique,Modéré,Faible,2025-08-08,SNA
Instrument,IF+AE,43.8,0.7280085846853683,0.004941956972377464,Critique,Faible,Faible,2025-10-17,STR
Instrument,IF+AE,43.8,0.6580409000333027,0.167533965860991,Critique,Critique,Faible,2025-04-30,RDS
Instrument,IF+AE,43.7,0.7162865000609611,0.02665710614689282,Critique,Critique,Faible,2025-10-29,INV
Instrument,IF+AE,43.6,0.7236438070204724,0.006809110573865443,Critique,Faible,Faible,2025-03-06,SNA
Instrument,IF+AE,43.6,0.7098499768898385,0.0382362384213569,Critique,Critique,Faible,2025-03-27,SNA
Instrument,IF+AE,43.6,0.7240929333155104,0.004190423286879703,Critique,Faible,Faible,2025-04-11,SNA
Instrument,IF+AE,43.5,0.7242905337565093,0.0030488773510104258,Critique,Normal,Faible,2025-04-09,SNA
Instrument,IF+AE,43.5,0.7189509818827925,0.015635651422390966,Critique,Modéré,Faible,2025-07-17,MDP
Instrument,IF+AE,43.5,0.7009102674801599,0.05493554663445119,Critique,Critique,Faible,2025-07-08,MDP
Instrument,IF+AE,43.4,0.7212653142260315,0.00559345286188609,Critique,Faible,Faible,2025-12-31,LES
Instrument,IF+AE,43.4,0.6991372196734756,0.05660615300833029,Critique,Critique,Faible,2025-07-10,CRS
Instrument,IF+AE,43.4,0.7164355162081253,0.015123510149492076,Critique,Modéré,Faible,2025-02-12,IBC
Instrument,IF+AE,43.4,0.7178782960522835,0.011564129563020149,Critique,Modéré,Faible,2025-10-01,STR
Instrument,IF+AE,43.4,0.71590457261913,0.018833200206951076,Critique,Modéré,Faible,2025-06-04,STR
Instrument,IF+AE,43.4,0.6464779312077614,0.18137064029855224,Critique,Critique,Faible,2025-08-01,STR
Instrument,IF+AE,43.2,0.7179706385037418,0.005842336205470161,Critique,Faible,Faible,2025-03-27,JET
Instrument,IF+AE,43.1,0.7135482745642434,0.009398214960603217,Critique,Faible,Faible,2025-09-02,COL
Instrument,IF+AE,43.1,0.6313974919459917,0.20412425972997636,Critique,Critique,Faible,2025-07-14,ZDJ
Instrument,IF+AE,43.0,0.7140307121590881,0.00573178300820849,Critique,Faible,Faible,2025-07-02,DYT
Instrument,IF+AE,42.9,0.6928214018522463,0.051556963712390866,Critique,Critique,Faible,2025-01-31,SRM
Instrument,IF+AE,42.9,0.7129280146266275,0.0034373470886485216,Critique,Faible,Faible,2025-06-25,CTM
Instrument,IF+AE,42.8,0.7067473623494112,0.01731321898088825,Critique,Modéré,Faible,2025-08-07,STR
Instrument,IF+AE,42.8,0.7025004279289543,0.025774085600118183,Critique,Critique,Faible,2025-02-28,SNA
Instrument,IF+AE,42.8,0.7083953761388015,0.01121769880861667,Critique,Modéré,Faible,2025-04-04,BCI
Instrument,IF+AE,42.8,0.7114406248091696,0.004124089719471247,Critique,Faible,Faible,2025-09-08,COL
Instrument,IF+AE,42.7,0.7070871043059956,0.00899450944669366,Critique,Faible,Faible,2025-04-08,SNA
Instrument,IF+AE,42.7,0.7038620074285358,0.017694881551838928,Critique,Modéré,Faible,2025-12-29,CDM
Instrument,IF+AE,42.6,0.707294286183553,0.006713915635547987,Critique,Faible,Faible,2025-12-26,SAH
Instrument,IF+AE,42.5,0.7043142491452912,0.008009163473348815,Critique,Faible,Faible,2025-09-10,NKL
Instrument,IF+AE,42.5,0.7075390806644264,0.0024011109516827354,Critique,Normal,Faible,2025-08-07,MDP
Instrument,IF+AE,42.4,0.6994427267619296,0.018141749832796896,Critique,Modéré,Faible,2025-09-03,MDP
Instrument,IF+AE,42.4,0.6977359643233353,0.019451851583229113,Critique,Modéré,Faible,2025-12-26,RIS
Instrument,IF+AE,42.3,0.6987996912491404,0.014649750322379272,Critique,Modéré,Faible,2025-05-27,STR
Instrument,IF+AE,42.3,0.6859825997188085,0.04323848382270311,Critique,Critique,Faible,2025-10-21,STR
Instrument,IF+AE,42.3,0.6725154965644834,0.07546697799290539,Critique,Critique,Faible,2025-03-19,SLF
Instrument,IF+AE,42.3,0.6989886005382827,0.01443391841146647,Critique,Modéré,Faible,2025-06-23,IBC
Instrument,IF+AE,42.2,0.6947167160282592,0.02154989168803637,Critique,Critique,Faible,2025-01-20,RDS
Instrument,IF+AE,42.2,0.6388959011262816,0.15238476978602922,Critique,Critique,Faible,2025-07-09,MDP
Instrument,IF+AE,42.2,0.6907737552994546,0.03057315966717377,Critique,Critique,Faible,2025-07-29,VCN
Instrument,IF+AE,42.2,0.6958502504038531,0.015894602111601215,Critique,Modéré,Faible,2025-01-22,RDS
Instrument,IF+AE,42.2,0.7009104844622449,0.0055310426274313915,Critique,Faible,Faible,2025-09-03,SNA
Instrument,IF+AE,42.1,0.6903715946843023,0.02736722627324166,Critique,Critique,Faible,2025-06-20,IBC
Instrument,IF+AE,42.1,0.6984293595940547,0.008112426129997274,Critique,Faible,Faible,2025-07-01,CRS
Instrument,IF+AE,42.0,0.6945822810325201,0.012107817191970714,Critique,Modéré,Faible,2025-06-26,FBR
Instrument,IF+AE,41.9,0.6978774153421232,0.0025797605041993892,Critique,Normal,Faible,2025-07-07,CRS
Instrument,IF+AE,41.9,0.6984417150678577,0.00093908919137841,Critique,Normal,Faible,2025-04-07,CTM
Instrument,IF+AE,41.8,0.6908866462151071,0.01426720302762147,Critique,Modéré,Faible,2025-07-02,SNA
Instrument,IF+AE,41.8,0.6955158342943737,0.0033201940739773493,Critique,Faible,Faible,2025-04-02,CTM
Instrument,IF+AE,41.8,0.6812115655864044,0.03665480760654724,Critique,Critique,Faible,2025-01-16,SRM
Instrument,IF+AE,41.7,0.6774536701694129,0.03935047582169479,Critique,Critique,Faible,2025-12-26,CTM
Instrument,IF+AE,41.7,0.6838124785022218,0.026662962800350135,Critique,Critique,Faible,2025-04-22,AKT
Instrument,IF+AE,41.7,0.6931400108216832,0.00397930256150061,Critique,Faible,Faible,2025-04-25,SAH
Instrument,IF+AE,41.6,0.6868235533495222,0.014255972688231734,Critique,Modéré,Faible,2025-03-03,FBR
Instrument,IF+AE,41.6,0.6879697022413824,0.011792723245907112,Critique,Modéré,Faible,2025-06-26,AFI
Instrument,IF+AE,41.5,0.6836970710681967,0.018804786476804534,Critique,Modéré,Faible,2025-02-07,MOX
Instrument,IF+AE,41.5,0.6900554894384043,0.0027479445347989104,Critique,Normal,Faible,2025-11-04,INV
Instrument,IF+AE,41.5,0.6153549270535897,0.1768001481195155,Critique,Critique,Faible,2025-01-09,DYT
Instrument,IF+AE,41.5,0.5956252757235256,0.22585491267131166,Critique,Critique,Faible,2025-08-05,INV
Instrument,IF+AE,41.5,0.5929386499501498,0.23125633376548393,Critique,Critique,Faible,2025-07-18,STR
Instrument,IF+AE,41.4,0.6873054264302805,0.008150428007871845,Critique,Faible,Faible,2025-09-16,NKL
Instrument,IF+AE,41.4,0.6525227411075931,0.0862553422308916,Critique,Critique,Faible,2025-01-06,DYT
Instrument,IF+AE,41.4,0.6875890223114403,0.004105414647600186,Critique,Faible,Faible,2025-08-26,S2M
Instrument,IF+AE,41.4,0.648176250657913,0.09777259070727806,Critique,Critique,Faible,2025-07-17,INV
Instrument,IF+AE,41.4,0.6851497291771373,0.012958965302817269,Critique,Modéré,Faible,2025-02-11,SLF
Instrument,IF+AE,41.3,0.643918755327459,0.10449807820942365,Critique,Critique,Faible,2025-08-27,COL
Instrument,IF+AE,41.3,0.6865751509474387,0.003684075419757674,Critique,Faible,Faible,2025-02-21,TGC
Instrument,IF+AE,41.2,0.6825468565199502,0.010053678137943216,Critique,Faible,Faible,2025-07-25,MDP
Instrument,IF+AE,41.2,0.6805752971325345,0.013873825988218916,Critique,Modéré,Faible,2025-06-26,CRS
Instrument,IF+AE,41.2,0.6158338395201219,0.1652381038058253,Critique,Critique,Faible,2025-01-09,MDP
Instrument,IF+AE,41.1,0.6762405661906766,0.020083208217479144,Critique,Modéré,Faible,2025-04-25,S2M
Instrument,IF+AE,41.1,0.669348723094611,0.03642836001107359,Critique,Critique,Faible,2025-10-27,STR
Instrument,IF+AE,41.1,0.6830757262998379,0.004601744943532982,Critique,Faible,Faible,2025-04-07,ADI
Instrument,IF+AE,41.1,0.6824222861934925,0.007320702606825612,Critique,Faible,Faible,2025-09-19,IMO
Instrument,IF+AE,41.1,0.6841421264631532,0.0017213406995263776,Critique,Normal,Faible,2025-07-17,IBC
Instrument,IF+AE,41.0,0.6665125132234484,0.03747489922866396,Critique,Critique,Faible,2025-07-03,SNA
Instrument,IF+AE,41.0,0.6821086081966979,0.0035738121138751827,Critique,Faible,Faible,2025-11-25,INV
Instrument,IF+AE,41.0,0.6651664369276755,0.042866547815068434,Critique,Critique,Faible,2025-04-28,SRM
Instrument,IF+AE,41.0,0.6601529277253431,0.05604955632431766,Critique,Critique,Faible,2025-11-28,STR
Instrument,IF+AE,41.0,0.6732759266066046,0.025394235599097887,Critique,Critique,Faible,2025-07-03,AFI
Instrument,IF+AE,41.0,0.6801274622733082,0.0082991358931308,Critique,Faible,Faible,2025-07-03,SRM
Instrument,IF+AE,40.9,0.6791576979117433,0.004098876263826984,Critique,Faible,Faible,2025-04-09,JET
Instrument,IF+AE,40.9,0.6659474775606018,0.0363521280844945,Critique,Critique,Faible,2025-04-07,STR
Instrument,IF+AE,40.8,0.675638157692448,0.010135682663300918,Critique,Faible,Faible,2025-04-07,SMI
Instrument,IF+AE,40.7,0.6543768731630446,0.05697033686393793,Critique,Critique,Faible,2025-03-27,STR
Instrument,IF+AE,40.7,0.6723735715800135,0.012780736918093968,Critique,Modéré,Faible,2025-01-31,STR
Instrument,IF+AE,40.7,0.6616840777928479,0.039415596716899745,Critique,Critique,Faible,2025-03-06,FBR
Instrument,IF+AE,40.7,0.677449611086524,0.0019650483700291823,Critique,Normal,Faible,2025-04-14,SNA
Instrument,IF+AE,40.7,0.6674402050765937,0.02376968010217961,Critique,Critique,Faible,2025-03-05,SNA
Instrument,IF+AE,40.6,0.6711472611939322,0.01112519131149724,Critique,Modéré,Faible,2025-04-18,BCI
Instrument,IF+AE,40.6,0.6635064941046904,0.0293559637261853,Critique,Critique,Faible,2025-04-02,STR
Instrument,IF+AE,40.5,0.6558733525446643,0.04374257203697634,Critique,Critique,Faible,2025-07-17,STR
Instrument,IF+AE,40.5,0.6584774013509254,0.039518508097931136,Critique,Critique,Faible,2025-11-03,STR
Instrument,IF+AE,40.5,0.6733405265571025,0.003046178019950889,Critique,Normal,Faible,2025-07-29,BAL
Instrument,IF+AE,40.5,0.6714698741842753,0.006641500526456973,Critique,Faible,Faible,2025-02-11,IBC
Instrument,IF+AE,40.4,0.6420344875867683,0.07497284110085917,Critique,Critique,Faible,2025-07-15,MDP
Instrument,IF+AE,40.4,0.670799394901463,0.0064794531115246355,Critique,Faible,Faible,2025-04-11,BCI
Instrument,IF+AE,40.4,0.672275251825896,0.004045238564243671,Critique,Faible,Faible,2025-02-19,JET
Instrument,IF+AE,40.4,0.6710027149592782,0.004758358527897399,Critique,Faible,Faible,2025-04-04,SNA
Instrument,IF+AE,40.4,0.6701452206380651,0.008202136043605895,Critique,Faible,Faible,2025-07-02,CRS
Instrument,IF+AE,40.3,0.658425907879896,0.030649547184929286,Critique,Critique,Faible,2025-01-28,MOX
Instrument,IF+AE,40.3,0.6669569511926314,0.010273285641617265,Critique,Faible,Faible,2025-10-30,IBC
Instrument,IF+AE,40.3,0.6660762070009152,0.013397545894603815,Critique,Modéré,Faible,2025-09-09,NKL
Instrument,IF+AE,40.2,0.6520728775340331,0.04034911803272491,Critique,Critique,Faible,2025-10-31,UMR
Instrument,IF+AE,40.2,0.6672205845713435,0.007877534532075231,Critique,Faible,Faible,2025-02-19,FBR
Instrument,IF+AE,40.2,0.6491277195613947,0.0490402957773688,Critique,Critique,Faible,2025-04-10,FBR
Instrument,IF+AE,40.2,0.668653369800861,0.004794636959154549,Critique,Faible,Faible,2025-04-10,STR
Instrument,IF+AE,40.2,0.6658020518351455,0.008383728514207439,Critique,Faible,Faible,2025-03-14,SNA
Instrument,IF+AE,40.1,0.6594742183341549,0.021758013540790495,Critique,Critique,Faible,2025-07-16,INV
Instrument,IF+AE,40.1,0.65054822840884,0.04023494618794898,Critique,Critique,Faible,2025-04-18,S2M
Instrument,IF+AE,40.1,0.6655922459308564,0.00765736739122036,Critique,Faible,Faible,2025-07-18,MDP
Instrument,IF+AE,40.0,0.5466195967026433,0.2829466575591609,Critique,Critique,Faible,2025-12-17,CAP
Instrument,IF+AE,40.0,0.665209176494894,0.005340586312813223,Critique,Faible,Faible,2025-03-28,M2M
Instrument,IF+AE,40.0,0.6670728556149876,0.0009608065279677376,Critique,Normal,Faible,2025-04-23,SAH
Instrument,IF+AE,40.0,0.6649907723663319,0.002448062002729957,Critique,Normal,Faible,2025-04-11,RDS
Instrument,IF+AE,40.0,0.6562679919620069,0.02524263316943995,Critique,Critique,Faible,2025-07-18,IBC
Instrument,IF+AE,40.0,0.6642217435933558,0.005246731861123328,Critique,Faible,Faible,2025-05-30,SNA
Instrument,IF+AE,40.0,0.657968955999191,0.019610235014575553,Critique,Modéré,Faible,2025-08-08,MDP
Instrument,IF+AE,39.9,0.6648695785646065,0.0019810079562896194,Critique,Normal,Normal,2025-04-15,BCI
Instrument,IF+AE,39.9,0.6590730143236303,0.012539792159596845,Critique,Modéré,Normal,2025-04-14,WAA
Instrument,IF+AE,39.9,0.6630181898153744,0.003165718044986981,Critique,Normal,Normal,2025-04-24,SAH
Instrument,IF+AE,39.9,0.6549573238045292,0.021941325490597217,Critique,Critique,Normal,2025-09-25,INV
Instrument,IF+AE,39.9,0.6588778545443443,0.01263404812305151,Critique,Modéré,Normal,2025-05-30,SNP
Instrument,IF+AE,39.8,0.6444886500651188,0.045101845197803074,Critique,Critique,Normal,2025-08-28,COL
Instrument,IF+AE,39.8,0.6583824635110167,0.010052342355722154,Critique,Faible,Normal,2025-12-25,INV
Instrument,IF+AE,39.8,0.6340977519868738,0.06935058616538357,Critique,Critique,Normal,2025-07-21,STR
Instrument,IF+AE,39.8,0.6345105385076548,0.06610241912101866,Critique,Critique,Normal,2025-03-04,FBR
Instrument,IF+AE,39.8,0.587888867416902,0.17495716070471096,Critique,Critique,Normal,2025-12-16,CAP
Instrument,IF+AE,39.8,0.6448583462371817,0.04362284142129201,Critique,Critique,Normal,2025-01-29,DHO
Instrument,IF+AE,39.8,0.6292743889269488,0.07790411130718487,Critique,Critique,Normal,2025-01-09,RDS
Instrument,IF+AE,39.8,0.6614368399322779,0.0038171700524116093,Critique,Faible,Normal,2025-07-17,RDS
Instrument,IF+AE,39.7,0.6578232542342394,0.009603432632284805,Critique,Faible,Normal,2025-10-01,ZDJ
Instrument,IF+AE,39.7,0.6584148871209627,0.007200792558240666,Critique,Faible,Normal,2025-02-11,MOX
Instrument,IF+AE,39.7,0.6448734643874732,0.0386351982622184,Critique,Critique,Normal,2025-02-13,MOX
Instrument,IF+AE,39.7,0.6566706853083715,0.013210778506872458,Critique,Modéré,Normal,2025-08-26,BAL
Instrument,IF+AE,39.7,0.6610600487064644,0.0027187325065096044,Critique,Normal,Normal,2025-09-09,COL
Instrument,IF+AE,39.7,0.6606901996481809,0.001675654243975898,Critique,Normal,Normal,2025-03-03,SMI
Instrument,IF+AE,39.6,0.6590271140003983,0.002126207367323413,Critique,Normal,Normal,2025-07-31,SNA
Instrument,IF+AE,39.6,0.6589852390035431,0.0015666485671835737,Critique,Normal,Normal,2025-07-11,CRS
Instrument,IF+AE,39.5,0.6563471483824798,0.003956878080736277,Critique,Faible,Normal,2025-04-07,JET
Instrument,IF+AE,39.5,0.656938796059185,0.002647619114006073,Critique,Normal,Normal,2025-03-06,AFI
Instrument,IF+AE,39.5,0.6569737653391963,0.0030424898565517295,Critique,Normal,Normal,2025-04-15,SNA
Instrument,IF+AE,39.5,0.6552645348811381,0.005483203852283806,Critique,Faible,Normal,2025-07-15,EQD
Instrument,IF+AE,39.4,0.6561149672229684,0.002818497625782418,Critique,Normal,Normal,2025-05-02,SAH
Instrument,IF+AE,39.4,0.6511581489533471,0.012013100482284052,Critique,Modéré,Normal,2025-04-29,SRM
Instrument,IF+AE,39.4,0.6555873775196619,0.004212306963113706,Critique,Faible,Normal,2025-07-28,BAL
Instrument,IF+AE,39.3,0.6432031078755283,0.027502631605137315,Critique,Critique,Normal,2025-08-27,NKL
Instrument,IF+AE,39.2,0.6531177093087297,0.002021428975647296,Critique,Normal,Normal,2025-08-25,S2M
Instrument,IF+AE,39.2,0.6403243579138251,0.02914165159340732,Critique,Critique,Normal,2025-10-06,NKL
Instrument,IF+AE,39.2,0.6504707283944103,0.007142690251614372,Critique,Faible,Normal,2025-09-01,ADH
Instrument,IF+AE,39.2,0.634612023705319,0.045077992884070175,Critique,Critique,Normal,2025-03-10,FBR
Instrument,IF+AE,39.1,0.6094041075609162,0.09801933789636735,Critique,Critique,Normal,2025-03-28,FBR
Instrument,IF+AE,39.1,0.6505673611198679,0.0011916950007189492,Critique,Normal,Normal,2025-06-19,INV
Instrument,IF+AE,39.1,0.6469407580973083,0.012876803654104657,Critique,Modéré,Normal,2025-06-19,IBC
Instrument,IF+AE,39.1,0.6084667517395622,0.1004748449082573,Critique,Critique,Normal,2025-04-24,SNA
Instrument,IF+AE,39.1,0.6481538661138415,0.00797720787258844,Critique,Faible,Normal,2025-04-09,DHO
Instrument,IF+AE,39.0,0.6421454616975089,0.02023440865400058,Critique,Modéré,Normal,2025-04-08,STR
Instrument,IF+AE,39.0,0.6488940298113147,0.001476682055350363,Critique,Normal,Normal,2025-09-17,NKL
Instrument,IF+AE,39.0,0.596264293104273,0.125588697907422,Critique,Critique,Normal,2025-01-09,FBR
Instrument,IF+AE,39.0,0.6462852449408124,0.006857356117788152,Critique,Faible,Normal,2025-04-03,DHO
Instrument,IF+AE,39.0,0.6500786292737972,0.001405906362718077,Critique,Normal,Normal,2025-04-10,DHO
Instrument,IF+AE,38.9,0.6456034742989892,0.00736279345776892,Critique,Faible,Normal,2025-09-26,SBM
Instrument,IF+AE,38.9,0.646817193398941,0.003657718121561576,Critique,Faible,Normal,2025-08-06,REB
Instrument,IF+AE,38.9,0.5578835022516617,0.21106628903753696,Critique,Critique,Normal,2025-12-11,CAP
Instrument,IF+AE,38.9,0.6416009852645705,0.013900982611475531,Critique,Modéré,Normal,2025-02-21,ZDJ
Instrument,IF+AE,38.8,0.6310202969489445,0.0383277699575029,Critique,Critique,Normal,2025-07-31,VCN
Instrument,IF+AE,38.8,0.6427098305828967,0.010368157589678514,Critique,Faible,Normal,2025-12-30,MUT
Instrument,IF+AE,38.8,0.6128138416980704,0.07868981953733296,Critique,Critique,Normal,2025-10-10,STR
Instrument,IF+AE,38.8,0.6450914766833569,0.002236490481444755,Critique,Normal,Normal,2025-02-20,TGC
Instrument,IF+AE,38.7,0.6414398470697236,0.00698994779712327,Critique,Faible,Normal,2025-01-24,RDS
Instrument,IF+AE,38.7,0.6443916534698739,0.0020127840890136217,Critique,Normal,Normal,2025-06-02,ADI
Instrument,IF+AE,38.7,0.6435780117260147,0.003456153043324759,Critique,Faible,Normal,2025-08-18,COL
Instrument,IF+AE,38.7,0.6446508780100271,0.0025542793111834328,Critique,Normal,Normal,2025-04-11,DHO
Instrument,IF+AE,38.7,0.6126516468703223,0.07574301349799992,Critique,Critique,Normal,2025-04-17,DYT
Instrument,IF+AE,38.7,0.6276394067890831,0.04243511378588221,Critique,Critique,Normal,2025-07-15,LBV
Instrument,IF+AE,38.6,0.6414396330670745,0.004787414089941514,Critique,Faible,Normal,2025-12-12,BCI
Instrument,IF+AE,38.6,0.6418175346256494,0.004365057829200971,Critique,Faible,Normal,2025-12-25,SAH
Instrument,IF+AE,38.6,0.6378948195619253,0.011583675391757677,Critique,Modéré,Normal,2025-04-11,SAH
Instrument,IF+AE,38.6,0.6388289586640667,0.00894170017497323,Critique,Faible,Normal,2025-02-24,ZDJ
Instrument,IF+AE,38.6,0.634244720961986,0.020151105548033968,Critique,Modéré,Normal,2025-04-28,SAH
Instrument,IF+AE,38.6,0.6380189888527282,0.013853464126118533,Critique,Modéré,Normal,2025-12-30,SNA
Instrument,IF+AE,38.6,0.5994721185007824,0.10238902317898106,Critique,Critique,Normal,2025-11-11,INV
Instrument,IF+AE,38.5,0.6390219659632654,0.004980965765555374,Critique,Faible,Normal,2025-12-30,EQD
Instrument,IF+AE,38.5,0.6392000101565116,0.00502080795882914,Critique,Faible,Normal,2025-04-10,SMI
Instrument,IF+AE,38.5,0.6402058117197975,0.004637232401832874,Critique,Faible,Normal,2025-04-07,DHO
Instrument,IF+AE,38.5,0.6407268178838108,0.0026534695285991517,Critique,Normal,Normal,2025-08-06,ATH
Instrument,IF+AE,38.4,0.6389364757910582,0.0028590929703737468,Critique,Normal,Normal,2025-04-11,STR
Instrument,IF+AE,38.4,0.624714107264154,0.03484535768453155,Critique,Critique,Normal,2025-04-24,SRM
Instrument,IF+AE,38.4,0.6105832474507784,0.06864109444775801,Critique,Critique,Normal,2025-07-09,FBR
Instrument,IF+AE,38.4,0.6389041634129828,0.0032730170709542954,Critique,Faible,Normal,2025-08-11,FBR
Instrument,IF+AE,38.4,0.6386830728585844,0.002984131543238804,Critique,Normal,Normal,2025-07-07,FBR
Instrument,IF+AE,38.4,0.6290304059013574,0.026061177144324387,Critique,Critique,Normal,2025-04-16,BCI
Instrument,IF+AE,38.4,0.63695946861797,0.007490081889706909,Critique,Faible,Normal,2025-04-15,WAA
Instrument,IF+AE,38.3,0.6362882660655407,0.0039375267204151375,Critique,Faible,Normal,2025-10-24,VCN
Instrument,IF+AE,38.3,0.6257470794046744,0.03025107635173469,Critique,Critique,Normal,2025-09-12,BAL
Instrument,IF+AE,38.3,0.6365580731621968,0.003756485187309843,Critique,Faible,Normal,2025-03-28,AFM
Instrument,IF+AE,38.3,0.6361552820847093,0.0064393434681296905,Critique,Faible,Normal,2025-05-30,FBR
Instrument,IF+AE,38.3,0.6354456386309733,0.00788772002392988,Critique,Faible,Normal,2025-10-22,VCN
Instrument,IF+AE,38.2,0.632011386520437,0.010345715929018777,Critique,Faible,Normal,2025-02-17,GAZ
Instrument,IF+AE,38.2,0.6360015465726688,0.0018896442844132954,Critique,Normal,Normal,2025-05-28,SNA
Instrument,IF+AE,38.2,0.6335374866955665,0.008737931561017098,Critique,Faible,Normal,2025-08-08,COL
Instrument,IF+AE,38.2,0.6197539003000785,0.03930853530532353,Critique,Critique,Normal,2025-09-01,S2M
Instrument,IF+AE,38.1,0.634822200686019,0.00233246072336013,Critique,Normal,Normal,2025-04-22,SAH
Instrument,IF+AE,38.1,0.6032245899015081,0.07334540222522623,Critique,Critique,Normal,2025-04-18,DYT
Instrument,IF+AE,38.1,0.6351701170535045,0.0005641040186886281,Critique,Normal,Normal,2025-08-11,SNA
Instrument,IF+AE,38.1,0.6273565127061985,0.017697448170850495,Critique,Modéré,Normal,2025-02-06,MDP
Instrument,IF+AE,38.0,0.5245509329957296,0.25344618008718006,Critique,Critique,Normal,2025-10-14,STR
Instrument,IF+AE,38.0,0.6331544809802103,0.00167211708224663,Critique,Normal,Normal,2025-10-03,MDP
Instrument,IF+AE,38.0,0.619593032861707,0.0312334115666998,Critique,Critique,Normal,2025-04-18,SOT
Instrument,IF+AE,38.0,0.6311995493270083,0.0037967810152945178,Critique,Faible,Normal,2025-07-16,CRS
Instrument,IF+AE,37.9,0.6310523654081787,0.0027904186274259565,Critique,Normal,Normal,2025-04-15,TQM
Instrument,IF+AE,37.9,0.6284186252660189,0.006147736913792429,Critique,Faible,Normal,2025-08-29,SNA
Instrument,IF+AE,37.9,0.6284091686665776,0.0061730255709439566,Critique,Faible,Normal,2025-10-03,STR
Instrument,IF+AE,37.9,0.6298572456874589,0.004127091165857101,Critique,Faible,Normal,2025-10-27,ZDJ
Instrument,IF+AE,37.9,0.6241238097199903,0.01584413396758569,Critique,Modéré,Normal,2025-08-28,SNA
Instrument,IF+AE,37.8,0.6294837903429642,0.0023253214432899082,Critique,Normal,Normal,2025-02-06,ATH
Instrument,IF+AE,37.8,0.6292521590508604,0.002905200968778147,Critique,Normal,Normal,2025-04-16,SNA
Instrument,IF+AE,37.8,0.6239288030454155,0.0157704792125328,Critique,Modéré,Normal,2025-10-23,STR
Instrument,IF+AE,37.8,0.628472186647904,0.0027810807385227456,Critique,Normal,Normal,2025-02-07,S2M
Instrument,IF+AE,37.8,0.6280059556703754,0.0030906347171071017,Critique,Normal,Normal,2025-04-14,BCI
Instrument,IF+AE,37.7,0.6256034176581938,0.005342579846250601,Critique,Faible,Normal,2025-10-30,MDP
Instrument,IF+AE,37.7,0.6263137436124903,0.005310956720715896,Critique,Faible,Normal,2025-10-14,ZDJ
Instrument,IF+AE,37.7,0.6176612049604644,0.023984894682944777,Critique,Critique,Normal,2025-10-28,ZDJ
Instrument,IF+AE,37.7,0.6268776871858041,0.0021351404323173284,Critique,Normal,Normal,2025-04-11,WAA
Instrument,IF+AE,37.6,0.6260302331682022,0.002454908124708022,Critique,Normal,Normal,2025-04-07,RDS
Instrument,IF+AE,37.6,0.6229979453263863,0.007721354301782848,Critique,Faible,Normal,2025-07-14,EQD
Instrument,IF+AE,37.6,0.6249945145765476,0.0020677861889926235,Critique,Normal,Normal,2025-09-08,MDP
Instrument,IF+AE,37.6,0.5496001755063853,0.1802081434491058,Critique,Critique,Normal,2025-07-18,VCN
Instrument,IF+AE,37.6,0.6255458091957455,0.0029779539321203538,Critique,Normal,Normal,2025-04-03,STR
Instrument,IF+AE,37.6,0.6226333703904539,0.011141196960630496,Critique,Modéré,Normal,2025-09-08,NKL
Instrument,IF+AE,37.6,0.6131859430238953,0.03335001767535026,Critique,Critique,Normal,2025-07-18,EQD
Instrument,IF+AE,37.5,0.6249680100853364,0.0018112836715406162,Critique,Normal,Normal,2025-02-24,TGC
Instrument,IF+AE,37.5,0.6224813072395297,0.006620746796739949,Critique,Faible,Normal,2025-04-09,RDS
Instrument,IF+AE,37.5,0.6082406283393837,0.040790880374646704,Critique,Critique,Normal,2025-08-13,BAL
Instrument,IF+AE,37.4,0.6200154370287851,0.00871329297649313,Critique,Faible,Normal,2025-09-04,COL
Instrument,IF+AE,37.3,0.6213436960060575,0.0020831492491585088,Critique,Normal,Normal,2025-12-25,DHO
Instrument,IF+AE,37.3,0.6197355766758579,0.002849821274174474,Critique,Normal,Normal,2025-04-11,SBM
Instrument,IF+AE,37.3,0.6176942716410796,0.009780300905559387,Critique,Faible,Normal,2025-12-29,CIH
Instrument,IF+AE,37.3,0.6206872962984158,0.004121874240347594,Critique,Faible,Normal,2025-02-06,SOT
Instrument,IF+AE,37.3,0.5866809228972254,0.08099008367283984,Critique,Critique,Normal,2025-02-20,IBC
Instrument,IF+AE,37.3,0.5944619183186408,0.06324674940076726,Critique,Critique,Normal,2025-01-17,SRM
Instrument,IF+AE,37.3,0.602452104378882,0.04428124463235006,Critique,Critique,Normal,2025-03-07,FBR
Instrument,IF+AE,37.3,0.5719377874356233,0.11833791728304509,Critique,Critique,Normal,2025-06-18,SRM
Instrument,IF+AE,37.2,0.6178507388033798,0.005038341861975688,Critique,Faible,Normal,2025-04-10,JET
Instrument,IF+AE,37.2,0.6170555048867812,0.006520202224577921,Critique,Faible,Normal,2025-04-03,JET
Instrument,IF+AE,37.2,0.5628866028427046,0.13205361087736983,Critique,Critique,Normal,2025-07-21,VCN
Instrument,IF+AE,37.1,0.6098181646939671,0.02183035365350269,Critique,Critique,Normal,2025-06-25,SRM
Instrument,IF+AE,37.0,0.6084377519033866,0.020772865325859105,Critique,Modéré,Normal,2025-06-05,MDP
Instrument,IF+AE,37.0,0.6141145220227888,0.005613417848283247,Critique,Faible,Normal,2025-06-18,S2M
Instrument,IF+AE,37.0,0.6158932448180494,0.003357012540017362,Critique,Faible,Normal,2025-10-22,INV
Instrument,IF+AE,36.9,0.6043082735877815,0.024768730924127267,Critique,Critique,Normal,2025-02-12,MOX
Instrument,IF+AE,36.9,0.5924830591510628,0.05446334219713464,Critique,Critique,Normal,2025-04-07,DYT
Instrument,IF+AE,36.9,0.6153782503264933,0.0009274158280233682,Critique,Normal,Normal,2025-04-17,BCI
Instrument,IF+AE,36.9,0.6139714358055,0.0034279186737036548,Critique,Faible,Normal,2025-03-10,SNA
Instrument,IF+AE,36.8,0.6125764151235902,0.0012675176994354175,Critique,Normal,Normal,2025-07-03,EQD
Instrument,IF+AE,36.7,0.6122440545697054,0.00043914773771953534,Critique,Normal,Normal,2025-04-15,SID
Instrument,IF+AE,36.7,0.6060864827498996,0.014102593374575003,Critique,Modéré,Normal,2025-07-31,CIH
Instrument,IF+AE,36.7,0.6084619125019687,0.006898478431140262,Critique,Faible,Normal,2025-05-06,ZDJ
Instrument,IF+AE,36.7,0.6087083623772193,0.008445757914854328,Critique,Faible,Normal,2025-04-14,SLF
Instrument,IF+AE,36.6,0.6004651780519605,0.020516528187073203,Critique,Modéré,Normal,2025-03-24,FBR
Instrument,IF+AE,36.6,0.6079402407009401,0.0047683958941973255,Critique,Faible,Normal,2025-06-30,CRS
Instrument,IF+AE,36.5,0.6065892912114264,0.0035017550284381243,Critique,Faible,Normal,2025-08-25,NKL
Instrument,IF+AE,36.5,0.6045171186519456,0.009053670677412034,Critique,Faible,Normal,2025-12-26,AKT
Instrument,IF+AE,36.5,0.587463663283831,0.04772293236063519,Critique,Critique,Normal,2025-10-03,NKL
Instrument,IF+AE,36.5,0.6077078604868098,0.0018388695924274037,Critique,Normal,Normal,2025-09-02,EQD
Instrument,IF+AE,36.5,0.6040879363691405,0.011781055642849156,Critique,Modéré,Normal,2025-04-29,SAH
Instrument,IF+AE,36.4,0.5989495313321459,0.017623590784275892,Critique,Modéré,Normal,2025-10-28,ADI
Instrument,IF+AE,36.4,0.5734902624064602,0.07799151735007376,Critique,Critique,Normal,2025-01-10,CMG
Instrument,IF+AE,36.4,0.6058651639081243,0.0037560612988581147,Critique,Faible,Normal,2025-08-12,BAL
Instrument,IF+AE,36.4,0.6056979273886522,0.003429495973740111,Critique,Faible,Normal,2025-05-21,TGC
Instrument,IF+AE,36.3,0.5672586354588038,0.0888683455874644,Critique,Critique,Normal,2025-12-22,GTM
Instrument,IF+AE,36.3,0.5885579551169042,0.04022208817781141,Critique,Critique,Normal,2025-09-03,CMG
Instrument,IF+AE,36.3,0.602535649835512,0.005470590769318388,Critique,Faible,Normal,2025-07-21,MDP
Instrument,IF+AE,36.2,0.6023014146625348,0.0030468467446517294,Critique,Normal,Normal,2025-07-25,BAL
Instrument,IF+AE,36.2,0.5844232238651905,0.04495577110388485,Critique,Critique,Normal,2025-07-16,MDP
Instrument,IF+AE,36.2,0.6027033525003259,0.0025157418827769485,Critique,Normal,Normal,2025-04-08,SRM
Instrument,IF+AE,36.2,0.6016099778254781,0.004083535406207258,Critique,Faible,Normal,2025-08-22,BAL
Instrument,IF+AE,36.2,0.6011287097473872,0.004736934807031549,Critique,Faible,Normal,2025-04-16,TQM
Instrument,IF+AE,36.2,0.5956977254174045,0.01691870995716744,Critique,Modéré,Normal,2025-04-09,SMI
Instrument,IF+AE,36.1,0.5788514438508774,0.05266647720009115,Critique,Critique,Normal,2025-03-25,FBR
Instrument,IF+AE,36.1,0.5892532668985245,0.029951664892327298,Critique,Critique,Normal,2025-03-24,STR
Instrument,IF+AE,36.1,0.6002042077164924,0.0030520769934496454,Critique,Normal,Normal,2025-06-10,FBR
Instrument,IF+AE,36.0,0.5995345334609345,0.0016198989451876248,Critique,Normal,Normal,2025-01-27,S2M
Instrument,IF+AE,36.0,0.5960543782330057,0.010757717149463088,Critique,Modéré,Normal,2025-12-31,INV
Instrument,IF+AE,36.0,0.5881481114019929,0.029406324043010405,Critique,Critique,Normal,2025-04-22,S2M
Instrument,IF+AE,36.0,0.5937060615259351,0.013998275645051116,Critique,Modéré,Normal,2025-07-31,MDP
Instrument,IF+AE,35.9,0.59066308469511,0.017166081045665842,Critique,Modéré,Normal,2025-11-05,INV
Instrument,IF+AE,35.9,0.5722433477566343,0.062090055998469236,Critique,Critique,Normal,2025-01-29,MOX
Instrument,IF+AE,35.9,0.5960451895345505,0.003958331665135161,Critique,Faible,Normal,2025-09-04,SNA
Instrument,IF+AE,35.9,0.595824233272547,0.007264004671092405,Critique,Faible,Normal,2025-02-19,SID
Instrument,IF+AE,35.9,0.28926066159426256,0.7247367209367769,Faible,Critique,Normal,2025-12-19,CAP
Instrument,IF+AE,35.9,0.5972011411758655,0.0038344593048750494,Critique,Faible,Normal,2025-01-23,MNG
Instrument,IF+AE,35.8,0.5939634699121499,0.006518703869092509,Critique,Faible,Normal,2025-04-16,RDS
Instrument,IF+AE,35.8,0.591815568523073,0.01031865935956016,Critique,Faible,Normal,2025-10-29,ZDJ
Instrument,IF+AE,35.8,0.5948891424598297,0.0025805862907095933,Critique,Normal,Normal,2025-07-04,EQD
Instrument,IF+AE,35.8,0.584387471966914,0.03052878631198871,Critique,Critique,Normal,2025-09-09,SNA
Instrument,IF+AE,35.8,0.5828956352553603,0.033162876951243016,Critique,Critique,Normal,2025-02-17,MOX
Instrument,IF+AE,35.8,0.5900919814644032,0.013735796044067003,Critique,Modéré,Normal,2025-01-23,RDS
Instrument,IF+AE,35.8,0.5845048922453644,0.02924245314490394,Critique,Critique,Normal,2025-04-08,FBR
Instrument,IF+AE,35.7,0.5821944993684267,0.030242658090769856,Critique,Critique,Normal,2025-04-14,SAH
Instrument,IF+AE,35.7,0.5941653034686727,0.001835813190054049,Critique,Normal,Normal,2025-04-30,SRM
Instrument,IF+AE,35.7,0.5856342028852765,0.023032708136961347,Critique,Critique,Normal,2025-04-14,FBR
Instrument,IF+AE,35.7,0.5946323297769184,0.0016541412120763457,Critique,Normal,Normal,2025-08-11,ATH
Instrument,IF+AE,35.7,0.5908382648622436,0.009840398521363983,Critique,Faible,Normal,2025-04-04,SMI
Instrument,IF+AE,35.7,0.59207780104778,0.006259164925749083,Critique,Faible,Normal,2025-06-06,CMT
Instrument,IF+AE,35.7,0.594195712364123,0.0021620602622156662,Critique,Normal,Normal,2025-08-18,REB
Instrument,IF+AE,35.6,0.5931641423140246,0.002068337292971874,Critique,Normal,Normal,2025-04-08,S2M
Instrument,IF+AE,35.6,0.5927950862540795,0.002868770620384254,Critique,Normal,Normal,2025-03-19,CDM
Instrument,IF+AE,35.6,0.5858605757381325,0.0180477726432234,Critique,Modéré,Normal,2025-10-17,NEJ
Instrument,IF+AE,35.6,0.5903316974460968,0.006321027294770627,Critique,Faible,Normal,2025-05-16,AFI
Instrument,IF+AE,35.5,0.5902742551502358,0.003121498961611252,Critique,Normal,Normal,2025-03-20,COL
Instrument,IF+AE,35.5,0.5838935534896226,0.020117261601670478,Critique,Modéré,Normal,2025-10-29,MDP
Instrument,IF+AE,35.5,0.5909122343726484,0.0011787307639626052,Critique,Normal,Normal,2025-04-16,WAA
Instrument,IF+AE,35.5,0.5422876351130451,0.11743427935981969,Critique,Critique,Normal,2025-06-03,STR
Instrument,IF+AE,35.5,0.5913600418099675,0.002025305433511126,Critique,Normal,Normal,2025-09-26,HPS
Instrument,IF+AE,35.4,0.5890735856463162,0.001363833679250008,Critique,Normal,Normal,2025-08-04,FBR
Instrument,IF+AE,35.4,0.5895632321094817,0.002952552882971676,Critique,Normal,Normal,2025-04-17,TQM
Instrument,IF+AE,35.4,0.5891807405276692,0.003518053174493332,Critique,Faible,Normal,2025-04-11,FBR
Instrument,IF+AE,35.4,0.5611095053022677,0.06775252089415135,Critique,Critique,Normal,2025-04-07,MDP
Instrument,IF+AE,35.4,0.5820486730654909,0.017956521155654284,Critique,Modéré,Normal,2025-11-12,TGC
Instrument,IF+AE,35.3,0.5611373499012924,0.06186693735928466,Critique,Critique,Normal,2025-07-09,IMO
Instrument,IF+AE,35.3,0.585272269596537,0.007863423082865861,Critique,Faible,Normal,2025-10-22,NEJ
Instrument,IF+AE,35.3,0.5874071474779049,0.0037605118955370644,Critique,Faible,Normal,2025-09-26,LES
Instrument,IF+AE,35.3,0.5849192312261884,0.009733303686182788,Critique,Faible,Normal,2025-04-14,RDS
Instrument,IF+AE,35.2,0.575497344974582,0.027483489106651895,Critique,Critique,Normal,2025-11-10,CMT
Instrument,IF+AE,35.2,0.5795321300445189,0.014894170668214475,Critique,Modéré,Normal,2025-02-14,MOX
Instrument,IF+AE,35.1,0.5822231184178494,0.004772859044806004,Critique,Faible,Normal,2025-12-02,OUL
Instrument,IF+AE,35.1,0.5768799170068175,0.019443029756174155,Critique,Modéré,Normal,2025-04-15,RDS
Instrument,IF+AE,35.1,0.5652457453770956,0.04450749678841871,Critique,Critique,Normal,2025-06-13,RDS
Instrument,IF+AE,35.1,0.5786973732011,0.014162351540371728,Critique,Modéré,Normal,2025-05-28,STR
Instrument,IF+AE,35.1,0.576818944803893,0.020882798115001336,Critique,Modéré,Normal,2025-10-07,NKL
Instrument,IF+AE,35.0,0.5802045492909267,0.005592129964003965,Critique,Faible,Normal,2025-01-24,ZDJ
Instrument,IF+AE,35.0,0.5715359910819819,0.027658836115040518,Critique,Critique,Normal,2025-03-11,FBR
Instrument,IF+AE,35.0,0.5811205476211695,0.007053479253403958,Critique,Faible,Normal,2025-02-26,S2M
Instrument,IF+AE,35.0,0.5752039913614764,0.01794883840437296,Critique,Modéré,Normal,2025-10-21,VCN
Instrument,IF+AE,34.9,0.5762322701216858,0.013167344129217318,Critique,Modéré,Normal,2025-06-30,BOA
Instrument,IF+AE,34.9,0.5795222415083852,0.004408402168940039,Critique,Faible,Normal,2025-02-28,SMI
Instrument,IF+AE,34.9,0.5571108166734815,0.057514774514481885,Critique,Critique,Normal,2025-07-01,OUL
Instrument,IF+AE,34.9,0.5747861983267828,0.018025177228041072,Critique,Modéré,Normal,2025-08-28,OUL
Instrument,IF+AE,34.8,0.5780870004211457,0.006393607680473924,Critique,Faible,Normal,2025-07-28,MDP
Instrument,IF+AE,34.8,0.5737653883067657,0.013753353895697916,Critique,Modéré,Normal,2025-08-08,ATH
Instrument,IF+AE,34.8,0.5792142762479233,0.0022381086451929186,Critique,Normal,Normal,2025-07-08,FBR
Instrument,IF+AE,34.8,0.5787174857367209,0.0024040035601181776,Critique,Normal,Normal,2025-12-26,RDS
Instrument,IF+AE,34.8,0.5791313829912572,0.003180400345749701,Critique,Normal,Normal,2025-09-01,RDS
Instrument,IF+AE,34.8,0.5719250855615624,0.02066308167331922,Critique,Modéré,Normal,2025-06-30,AFI
Instrument,IF+AE,34.8,0.5417142520143388,0.0911428878106102,Critique,Critique,Normal,2025-08-04,CRS
Instrument,IF+AE,34.8,0.5794740987334983,0.002911111141830668,Critique,Normal,Normal,2025-03-21,ZDJ
Instrument,IF+AE,34.8,0.5764616446155495,0.007001589292963923,Critique,Faible,Normal,2025-11-03,REB
Instrument,IF+AE,34.7,0.5778839720078923,0.0012261041635027962,Critique,Normal,Normal,2025-04-08,DHO
Instrument,IF+AE,34.7,0.5738464837369106,0.00865072084550278,Critique,Faible,Normal,2025-05-12,SOT
Instrument,IF+AE,34.7,0.5780668447030365,0.0006937589441147294,Critique,Normal,Normal,2025-04-08,SMI
Instrument,IF+AE,34.7,0.5773987406894552,0.0017269862369130907,Critique,Normal,Normal,2025-04-04,CTM
Instrument,IF+AE,34.6,0.5760261440836427,0.002523597121561472,Critique,Normal,Normal,2025-08-28,JET
Instrument,IF+AE,34.6,0.5753959917421383,0.0019547726290000166,Critique,Normal,Normal,2025-03-21,DYT
Instrument,IF+AE,34.6,0.5747398018726637,0.0033831616043944117,Critique,Faible,Normal,2025-08-25,MUT
Instrument,IF+AE,34.6,0.5679836073625641,0.019222368068290255,Critique,Modéré,Normal,2025-10-03,BAL
Instrument,IF+AE,34.6,0.5365639536574258,0.09349296346087424,Critique,Critique,Normal,2025-01-30,MOX
Instrument,IF+AE,34.6,0.5488717039520901,0.06496577666929505,Critique,Critique,Normal,2025-11-07,INV
Instrument,IF+AE,34.6,0.575163982150938,0.0030186382550479386,Critique,Normal,Normal,2025-12-08,REB
Instrument,IF+AE,34.5,0.5741593505841176,0.001979465367984991,Critique,Normal,Normal,2025-02-27,SMI
Instrument,IF+AE,34.5,0.5374937025423583,0.08743442783771682,Critique,Critique,Normal,2025-01-09,DHO
Instrument,IF+AE,34.5,0.5639761327517223,0.025355923676354947,Critique,Critique,Normal,2025-11-19,INV
Instrument,IF+AE,34.5,0.5715502663492649,0.00958531642007455,Critique,Faible,Normal,2025-04-30,HPS
Instrument,IF+AE,34.5,0.5702002597772982,0.009724110850006537,Critique,Faible,Normal,2025-02-14,IBC
Instrument,IF+AE,34.5,0.5728477995873492,0.0037865423377839574,Critique,Faible,Normal,2025-10-27,BAL
Instrument,IF+AE,34.5,0.4699128643418464,0.24745533634740863,Modéré,Critique,Normal,2025-11-11,CMT
Instrument,IF+AE,34.4,0.5723716380079549,0.0011874338163341072,Critique,Normal,Normal,2025-08-13,DWY
Instrument,IF+AE,34.4,0.5722809158645994,0.0008191234796026754,Critique,Normal,Normal,2025-12-04,REB
Instrument,IF+AE,34.4,0.518334048470892,0.1282521851979209,Critique,Critique,Normal,2025-08-12,VCN
Instrument,IF+AE,34.4,0.567006182184304,0.014434925927355065,Critique,Modéré,Normal,2025-09-11,SNA
Instrument,IF+AE,34.3,0.570914514704894,0.002029608085601175,Critique,Normal,Normal,2025-07-14,CRS
Instrument,IF+AE,34.3,0.5667616547049721,0.010825556661290639,Critique,Modéré,Normal,2025-04-07,S2M
Instrument,IF+AE,34.3,0.5643201491449533,0.01545409156340765,Critique,Modéré,Normal,2025-11-05,REB
Instrument,IF+AE,34.3,0.5647024788450292,0.015033355444656223,Critique,Modéré,Normal,2025-08-12,SNA
Instrument,IF+AE,34.3,0.569938861087366,0.0038149660881941117,Critique,Faible,Normal,2025-07-09,ZDJ
Instrument,IF+AE,34.2,0.5686645557852323,0.003039271446847634,Critique,Normal,Normal,2025-08-18,BAL
Instrument,IF+AE,34.2,0.5683267830791543,0.004229335755174277,Critique,Faible,Normal,2025-10-02,MDP
Instrument,IF+AE,34.2,0.5598617562907707,0.021915254143719507,Critique,Critique,Normal,2025-10-28,STR
Instrument,IF+AE,34.2,0.5690368288397762,0.0018059513821944715,Critique,Normal,Normal,2025-03-03,SNA
Instrument,IF+AE,34.2,0.5620512519724451,0.017461328975684722,Critique,Modéré,Normal,2025-04-09,DYT
Instrument,IF+AE,34.2,0.5691927209433614,0.0014485697080107484,Critique,Normal,Normal,2025-07-11,EQD
Instrument,IF+AE,34.1,0.5510471406257755,0.04130635604098995,Critique,Critique,Normal,2025-09-01,FBR
Instrument,IF+AE,34.1,0.5667465730021756,0.004401263253125198,Critique,Faible,Normal,2025-04-02,DHO
Instrument,IF+AE,34.1,0.564099002144805,0.008280472643131037,Critique,Faible,Normal,2025-10-15,NEJ
Instrument,IF+AE,34.1,0.5497297060101936,0.042422344006748436,Critique,Critique,Normal,2025-07-31,STR
Instrument,IF+AE,34.1,0.567121542034549,0.0014199007097550108,Critique,Normal,Normal,2025-12-03,REB
Instrument,IF+AE,34.1,0.5679742749719294,0.001262455719704574,Critique,Normal,Normal,2025-10-30,REB
Instrument,IF+AE,34.1,0.5637728859054607,0.009524910372047756,Critique,Faible,Normal,2025-07-10,CMG
Instrument,IF+AE,34.0,0.5649283834635481,0.0028762512025702304,Critique,Normal,Normal,2025-02-14,REB
Instrument,IF+AE,34.0,0.5648843179234031,0.004874263809458836,Critique,Faible,Normal,2025-10-21,NEJ
Instrument,IF+AE,34.0,0.5662589886188498,0.0020045774153859284,Critique,Normal,Normal,2025-04-17,WAA
Instrument,IF+AE,34.0,0.5628002885945421,0.008606381453200453,Critique,Faible,Normal,2025-02-26,ZDJ
Instrument,IF+AE,34.0,0.5546080350586076,0.027142707848178564,Critique,Critique,Normal,2025-08-22,COL
Instrument,IF+AE,33.9,0.5638733172927122,0.0036037970855490368,Critique,Faible,Normal,2025-04-09,ADI
Instrument,IF+AE,33.9,0.5633175394927002,0.0021237685480614246,Critique,Normal,Normal,2025-12-05,ADI
Instrument,IF+AE,33.9,0.5639544745779448,0.003168886451751628,Critique,Normal,Normal,2025-10-31,REB
Instrument,IF+AE,33.9,0.5076506392577702,0.13475104315585235,Critique,Critique,Normal,2025-01-10,RDS
Instrument,IF+AE,33.9,0.5392679301360235,0.058698279112462136,Critique,Critique,Normal,2025-01-03,DYT
Instrument,IF+AE,33.9,0.5641901473234451,0.001679902096537968,Critique,Normal,Normal,2025-03-21,AKT
Instrument,IF+AE,33.9,0.38596049948044675,0.42092214926222493,Modéré,Critique,Normal,2025-12-18,CAP
Instrument,IF+AE,33.9,0.5626745610390863,0.007050137735266895,Critique,Faible,Normal,2025-07-22,MDP
Instrument,IF+AE,33.9,0.5643452930318384,0.0026264663765490585,Critique,Normal,Normal,2025-04-07,SID
Instrument,IF+AE,33.8,0.5554681990016246,0.019100084569076317,Critique,Modéré,Normal,2025-12-23,REB
Instrument,IF+AE,33.8,0.5459115800403382,0.04201965519844139,Critique,Critique,Normal,2025-11-05,NEJ
Instrument,IF+AE,33.8,0.563358130605467,0.0017673044336044903,Critique,Normal,Normal,2025-04-11,MOX
Instrument,IF+AE,33.8,0.5617835765071546,0.0031827516906664916,Critique,Normal,Normal,2025-07-21,IBC
Instrument,IF+AE,33.8,0.5447361994562459,0.04448382826583211,Critique,Critique,Normal,2025-04-18,SNA
Instrument,IF+AE,33.7,0.5051925723208271,0.13308591718410628,Critique,Critique,Normal,2025-08-15,SNA
Instrument,IF+AE,33.7,0.5608071388990346,0.001631784891809561,Critique,Normal,Normal,2025-07-24,BAL
Instrument,IF+AE,33.7,0.559379303834627,0.004988558858763745,Critique,Faible,Normal,2025-06-20,REB
Instrument,IF+AE,33.7,0.5467809542618556,0.03501663121841974,Critique,Critique,Normal,2025-09-09,MDP
Instrument,IF+AE,33.7,0.5603835616031088,0.0030435398972349856,Critique,Normal,Normal,2025-08-19,REB
Instrument,IF+AE,33.7,0.561331363345484,0.002485534285924208,Critique,Normal,Normal,2025-07-16,EQD
Instrument,IF+AE,33.7,0.5540121274602454,0.01861478838176335,Critique,Modéré,Normal,2025-04-15,FBR
Instrument,IF+AE,33.7,0.5601792703665011,0.0025573618132610485,Critique,Normal,Normal,2025-05-08,SAH
Instrument,IF+AE,33.7,0.5443200493460111,0.042221290495875155,Critique,Critique,Normal,2025-08-07,INV
Instrument,IF+AE,33.7,0.560633176369047,0.0037128790000079443,Critique,Faible,Normal,2025-10-23,ZDJ
Instrument,IF+AE,33.6,0.5569525712089741,0.007098653510520521,Critique,Faible,Normal,2025-01-23,ZDJ
Instrument,IF+AE,33.6,0.5578531796746218,0.006168997341608461,Critique,Faible,Normal,2025-07-07,ZDJ
Instrument,IF+AE,33.6,0.5579971797309294,0.003742246541316845,Critique,Faible,Normal,2025-05-21,TQM
Instrument,IF+AE,33.6,0.5595606827782746,0.00190806671246835,Critique,Normal,Normal,2025-04-10,BCI
Instrument,IF+AE,33.6,0.5199868247739211,0.09200338330798194,Critique,Critique,Normal,2025-04-08,SID
Instrument,IF+AE,33.6,0.5558936420594833,0.010433971330080102,Critique,Modéré,Normal,2025-04-08,CTM
Instrument,IF+AE,33.5,0.5568180423208346,0.0051537525030357426,Critique,Faible,Normal,2025-02-28,SAH
Instrument,IF+AE,33.5,0.5570345122400724,0.0041753726518823624,Critique,Faible,Normal,2025-08-27,BAL
Instrument,IF+AE,33.5,0.5516755374009448,0.015591147339142837,Critique,Modéré,Normal,2025-07-17,EQD
Instrument,IF+AE,33.5,0.5217323320630767,0.08399974196750513,Critique,Critique,Normal,2025-08-01,VCN
Instrument,IF+AE,33.5,0.5552823616111269,0.008949217849054336,Critique,Faible,Normal,2025-05-23,SNA
Instrument,IF+AE,33.5,0.5568766872994091,0.0014893195140226355,Critique,Normal,Normal,2025-08-19,S2M
Instrument,IF+AE,33.5,0.5568762507711036,0.0025642888815749234,Critique,Normal,Normal,2025-06-05,FBR
Instrument,IF+AE,33.5,0.5107665999982132,0.11252767078401645,Critique,Critique,Normal,2025-07-11,FBR
Instrument,IF+AE,33.4,0.5316364086077265,0.059131738208702,Critique,Critique,Normal,2025-08-05,IBC
Instrument,IF+AE,33.4,0.47658158395168915,0.18731744835206054,Modéré,Critique,Normal,2025-01-10,SLF
Instrument,IF+AE,33.4,0.5511167411243822,0.012583541221346585,Critique,Modéré,Normal,2025-01-16,ZDJ
Instrument,IF+AE,33.4,0.5537345867325582,0.008380472828346136,Critique,Faible,Normal,2025-04-30,SAH
Instrument,IF+AE,33.3,0.5533900756822695,0.004819455857286281,Critique,Faible,Normal,2025-09-24,SBM
Instrument,IF+AE,33.3,0.5533711311147395,0.004961141201399945,Critique,Faible,Normal,2025-12-24,SMI
Instrument,IF+AE,33.3,0.5526494302458782,0.005395987923861263,Critique,Faible,Normal,2025-10-16,NEJ
Instrument,IF+AE,33.3,0.5526733629059793,0.005106609439423696,Critique,Faible,Normal,2025-10-30,ZDJ
Instrument,IF+AE,33.3,0.5545293705343913,0.0015359326592672708,Critique,Normal,Normal,2025-08-08,ATL
Instrument,IF+AE,33.3,0.5546652640395291,0.002545989875365949,Critique,Normal,Normal,2025-04-14,SMI
Instrument,IF+AE,33.3,0.5331805422057219,0.05050828197458535,Critique,Critique,Normal,2025-08-28,DWY
Instrument,IF+AE,33.3,0.5484318516918107,0.013590734738199566,Critique,Modéré,Normal,2025-04-07,AFI
Instrument,IF+AE,33.3,0.5540567257072438,0.0022836597679790887,Critique,Normal,Normal,2025-03-07,SNA
Instrument,IF+AE,33.3,0.5531465409420887,0.006257700442693577,Critique,Faible,Normal,2025-07-03,S2M
Instrument,IF+AE,33.3,0.5513831538987819,0.006991673680209315,Critique,Faible,Normal,2025-08-05,CMG
Instrument,IF+AE,33.3,0.5212051994859082,0.07904391617345408,Critique,Critique,Normal,2025-01-10,MIC
Instrument,IF+AE,33.2,0.5374268105399211,0.03646875400283087,Critique,Critique,Normal,2025-03-28,STR
Instrument,IF+AE,33.2,0.5523492165544899,0.004264862635448458,Critique,Faible,Normal,2025-11-14,SLF
Instrument,IF+AE,33.2,0.5269826436840981,0.0618798553104512,Critique,Critique,Normal,2025-08-01,MDP
Instrument,IF+AE,33.2,0.551755824318569,0.004887052732796069,Critique,Faible,Normal,2025-12-29,INV
Instrument,IF+AE,33.1,0.5448934567619033,0.016132758374301136,Critique,Modéré,Normal,2025-07-22,SOT
Instrument,IF+AE,33.0,0.5473816824458821,0.005904292423353197,Critique,Faible,Normal,2025-11-17,SLF
Instrument,IF+AE,33.0,0.5479526032902016,0.00668435051203264,Critique,Faible,Normal,2025-12-03,CTM
Instrument,IF+AE,33.0,0.49528507648365605,0.12621524313778335,Critique,Critique,Normal,2025-01-13,FBR
Instrument,IF+AE,33.0,0.5438403862545612,0.013692951189204359,Critique,Modéré,Normal,2025-04-18,SID
Instrument,IF+AE,33.0,0.5465950745078593,0.006056838465304851,Critique,Faible,Normal,2025-06-30,EQD
Instrument,IF+AE,33.0,0.5482431145237914,0.0036947168234349737,Critique,Faible,Normal,2025-07-29,OUL
Instrument,IF+AE,32.9,0.5462927284820867,0.003957354698886326,Critique,Faible,Normal,2025-10-27,INV
Instrument,IF+AE,32.9,0.5455159032117929,0.008203348950905888,Critique,Faible,Normal,2025-05-05,ZDJ
Instrument,IF+AE,32.9,0.5471497652491047,0.002057865403296607,Critique,Normal,Normal,2025-09-04,MDP
Instrument,IF+AE,32.9,0.5471013160615954,0.0026144939922618125,Critique,Normal,Normal,2025-05-20,TQM
Instrument,IF+AE,32.9,0.5325028691506242,0.03597041223384067,Critique,Critique,Normal,2025-04-18,WAA
Instrument,IF+AE,32.9,0.5467483589908239,0.0021863216516390914,Critique,Normal,Normal,2025-06-16,EQD
Instrument,IF+AE,32.9,0.5391379849782079,0.020847435667637915,Critique,Modéré,Normal,2025-11-28,REB
Instrument,IF+AE,32.9,0.5441052146985595,0.008681720698000567,Critique,Faible,Normal,2025-08-08,STR
Instrument,IF+AE,32.8,0.5463413269687912,0.0021374531808490867,Critique,Normal,Normal,2025-11-04,REB
Instrument,IF+AE,32.8,0.5372744806110745,0.02253782651487212,Critique,Critique,Normal,2025-11-28,VCN
Instrument,IF+AE,32.8,0.5456309469153228,0.0026296362418391696,Critique,Normal,Normal,2025-04-14,DHO
Instrument,IF+AE,32.8,0.5430500489137459,0.008358515479297014,Critique,Faible,Normal,2025-03-20,DHO
Instrument,IF+AE,32.8,0.5456591012897072,0.0008682389065021665,Critique,Normal,Normal,2025-12-31,EQD
Instrument,IF+AE,32.8,0.5456322998182914,0.0036086520695884777,Critique,Faible,Normal,2025-03-07,DWY
Instrument,IF+AE,32.8,0.5365928170629728,0.022457667825031405,Critique,Critique,Normal,2025-09-15,BAL
Instrument,IF+AE,32.8,0.5447902929688353,0.004630979567724924,Critique,Faible,Normal,2025-08-11,BAL
Instrument,IF+AE,32.7,0.5434690075130042,0.0036456667031464756,Critique,Faible,Normal,2025-08-26,NKL
Instrument,IF+AE,32.7,0.5378584804991986,0.014911146696076214,Critique,Modéré,Normal,2025-12-16,TQM
Instrument,IF+AE,32.7,0.5428939937770765,0.003621899540234578,Critique,Faible,Normal,2025-07-17,CRS
Instrument,IF+AE,32.7,0.5443504336412717,0.0026146518324936053,Critique,Normal,Normal,2025-07-04,ZDJ
Instrument,IF+AE,32.7,0.543019754774209,0.004033558060383576,Critique,Faible,Normal,2025-04-11,SLF
Instrument,IF+AE,32.7,0.5410532647842645,0.007942372167613208,Critique,Faible,Normal,2025-10-02,AFI
Instrument,IF+AE,32.6,0.5427617583547162,0.0019911619370217215,Critique,Normal,Normal,2025-03-25,TQM
Instrument,IF+AE,32.6,0.54150093791882,0.0025228059202833464,Critique,Normal,Normal,2025-08-25,BAL
Instrument,IF+AE,32.6,0.5424214106051014,0.0023120806749625652,Critique,Normal,Normal,2025-08-15,AFI
Instrument,IF+AE,32.5,0.5127378463013891,0.06580414088840653,Critique,Critique,Normal,2025-01-15,RDS
Instrument,IF+AE,32.5,0.5403483066350132,0.004747040912619771,Critique,Faible,Normal,2025-09-30,LES
Instrument,IF+AE,32.5,0.5404539420336674,0.0017282911241980577,Critique,Normal,Normal,2025-12-01,VCN
Instrument,IF+AE,32.5,0.5267469759892706,0.03540034379610682,Critique,Critique,Normal,2025-11-26,INV
Instrument,IF+AE,32.5,0.5240221411703161,0.04263295901718915,Critique,Critique,Normal,2025-07-14,LBV
Instrument,IF+AE,32.5,0.53922320773373,0.0049146220034063885,Critique,Faible,Normal,2025-04-07,MUT
Instrument,IF+AE,32.5,0.5405667621546184,0.003660392417563293,Critique,Faible,Normal,2025-11-14,SBM
Instrument,IF+AE,32.5,0.5407974078570852,0.0032479449642148035,Critique,Faible,Normal,2025-10-22,ZDJ
Instrument,IF+AE,32.4,0.5393554797871785,0.0008025790676056997,Critique,Normal,Normal,2025-04-07,FBR
Instrument,IF+AE,32.4,0.5401166261888268,0.0006458264288991186,Critique,Normal,Normal,2025-04-07,CMT
Instrument,IF+AE,32.4,0.5374005494933531,0.005343122019013496,Critique,Faible,Normal,2025-04-02,S2M
Instrument,IF+AE,32.4,0.5178195394782377,0.050713739564304756,Critique,Critique,Normal,2025-03-25,STR
Instrument,IF+AE,32.4,0.5317699802046363,0.018428296814082125,Critique,Modéré,Normal,2025-10-20,SAH
Instrument,IF+AE,32.4,0.539429380598802,0.00313857374247704,Critique,Normal,Normal,2025-01-23,DRI
Instrument,IF+AE,32.4,0.5163737875020123,0.05455880328605315,Critique,Critique,Normal,2025-10-31,NEJ
Instrument,IF+AE,32.4,0.5383222353496417,0.0033834233736681854,Critique,Faible,Normal,2025-08-22,MUT
Instrument,IF+AE,32.3,0.513419004495943,0.05954047162083234,Critique,Critique,Normal,2025-04-28,ZDJ
Instrument,IF+AE,32.3,0.5370415894639621,0.0036960091127286846,Critique,Faible,Normal,2025-06-10,RDS
Instrument,IF+AE,32.3,0.538607206586478,0.0005656724973777307,Critique,Normal,Normal,2025-06-05,RDS
Instrument,IF+AE,32.3,0.5308596366962021,0.01671205582483543,Critique,Modéré,Normal,2025-04-15,ADI
Instrument,IF+AE,32.3,0.5371260546439673,0.0010453075390662117,Critique,Normal,Normal,2025-10-08,NKL
Instrument,IF+AE,32.3,0.523184985450688,0.0350867801320938,Critique,Critique,Normal,2025-08-01,ZDJ
Instrument,IF+AE,32.3,0.5339010423365778,0.010050778044069661,Critique,Faible,Normal,2025-08-01,BAL
Instrument,IF+AE,32.2,0.5348793779533727,0.005569798655962149,Critique,Faible,Normal,2025-02-10,S2M
Instrument,IF+AE,32.2,0.5282793185184383,0.02070122198347973,Critique,Modéré,Normal,2025-03-26,FBR
Instrument,IF+AE,32.2,0.5343430407202694,0.005029665332271767,Critique,Faible,Normal,2025-04-14,TQM
Instrument,IF+AE,32.1,0.532811469893103,0.00594906756873472,Critique,Faible,Normal,2025-07-17,REB
Instrument,IF+AE,32.1,0.5334865188070219,0.005097976824012338,Critique,Faible,Normal,2025-05-14,REB
Instrument,IF+AE,32.1,0.5147787736378612,0.04860003497315034,Critique,Critique,Normal,2025-01-20,SRM
Instrument,IF+AE,32.1,0.5300110502719741,0.010111658752565452,Critique,Faible,Normal,2025-11-21,SLF
Instrument,IF+AE,32.1,0.53380869443687,0.003434428460243756,Critique,Faible,Normal,2025-08-19,COL
Instrument,IF+AE,32.0,0.5305618479574361,0.007115612545650279,Critique,Faible,Normal,2025-04-11,TQM
Instrument,IF+AE,32.0,0.5264387894609482,0.015297132564811597,Critique,Modéré,Normal,2025-10-06,SNA
Instrument,IF+AE,32.0,0.5284638002488679,0.010657430919640606,Critique,Modéré,Normal,2025-12-05,SLF
Instrument,IF+AE,32.0,0.5309891658774235,0.007458736052601189,Critique,Faible,Normal,2025-08-07,REB
Instrument,IF+AE,32.0,0.47976887820830694,0.12701075332705747,Modéré,Critique,Normal,2025-01-15,FBR
Instrument,IF+AE,32.0,0.523048421796569,0.026030711662856525,Critique,Critique,Normal,2025-02-17,S2M
Instrument,IF+AE,31.9,0.5288595524212512,0.006524759107663981,Critique,Faible,Normal,2025-04-28,S2M
Instrument,IF+AE,31.9,0.5304536262356868,0.00361322416074858,Critique,Faible,Normal,2025-02-26,AKT
Instrument,IF+AE,31.9,0.5254934185452469,0.012822793079683968,Critique,Modéré,Normal,2025-12-29,REB
Instrument,IF+AE,31.9,0.5272358168425194,0.010943239949822818,Critique,Modéré,Normal,2025-07-04,RDS
Instrument,IF+AE,31.9,0.530282127152421,0.0019138970396424834,Critique,Normal,Normal,2025-04-09,M2M
Instrument,IF+AE,31.9,0.5313762739797845,0.0019142559815378318,Critique,Normal,Normal,2025-06-25,RDS
Instrument,IF+AE,31.9,0.5271801001072172,0.012114605384270212,Critique,Modéré,Normal,2025-04-17,DHO
Instrument,IF+AE,31.9,0.5296067484116587,0.006114316872257752,Critique,Faible,Normal,2025-02-05,ARD
Instrument,IF+AE,31.8,0.5175805968271171,0.028970133755290204,Critique,Critique,Normal,2025-09-08,SNA
Instrument,IF+AE,31.8,0.5270687377560095,0.008225617685029817,Critique,Faible,Normal,2025-10-03,MLE
Instrument,IF+AE,31.8,0.5057155010256211,0.056649829555171345,Critique,Critique,Normal,2025-07-24,MDP
Instrument,IF+AE,31.8,0.5261533063886886,0.008102654797219132,Critique,Faible,Normal,2025-07-02,S2M
Instrument,IF+AE,31.8,0.5297136558701022,0.0016962743325299378,Critique,Normal,Normal,2025-03-21,DHO
Instrument,IF+AE,31.7,0.5255994444344789,0.006598555346956064,Critique,Faible,Normal,2025-04-09,CTM
Instrument,IF+AE,31.7,0.4305266619036724,0.22933488417095008,Modéré,Critique,Normal,2025-01-10,CTM
Instrument,IF+AE,31.7,0.5271816472255854,0.0032667412391441343,Critique,Faible,Normal,2025-07-23,MDP
Instrument,IF+AE,31.7,0.5270769541648337,0.0034859751337887063,Critique,Faible,Normal,2025-06-04,BOA
Instrument,IF+AE,31.7,0.5277297381599915,0.0013795474702371854,Critique,Normal,Normal,2025-03-20,ADH
Instrument,IF+AE,31.7,0.5157376240430936,0.029915572514903916,Critique,Critique,Normal,2025-04-16,FBR
Instrument,IF+AE,31.6,0.5252255527898547,0.0016732576937460854,Critique,Normal,Normal,2025-03-11,SNA
Instrument,IF+AE,31.6,0.5254773733536076,0.003280236684841684,Critique,Faible,Normal,2025-02-28,RDS
Instrument,IF+AE,31.6,0.525495357027483,0.001906752091434263,Critique,Normal,Normal,2025-09-19,NKL
Instrument,IF+AE,31.6,0.479548136220169,0.10872834806392834,Modéré,Critique,Normal,2025-10-22,NKL
Instrument,IF+AE,31.6,0.5210642887693091,0.011229720647433796,Critique,Modéré,Normal,2025-02-20,MOX
Instrument,IF+AE,31.6,0.5255306546142983,0.003729542741215727,Critique,Faible,Normal,2025-04-18,SAH
Instrument,IF+AE,31.6,0.5161656456045334,0.025159051791864687,Critique,Critique,Normal,2025-04-02,CMT
Instrument,IF+AE,31.5,0.5140020120807469,0.026979097470177432,Critique,Critique,Normal,2025-03-18,SID
Instrument,IF+AE,31.5,0.486440762006919,0.0898351921545464,Critique,Critique,Normal,2025-03-28,MNG
Instrument,IF+AE,31.5,0.506177182880716,0.04341504519996341,Critique,Critique,Normal,2025-07-10,SRM
Instrument,IF+AE,31.5,0.5217413607568808,0.008316081592753453,Critique,Faible,Normal,2025-03-25,DYT
Instrument,IF+AE,31.5,0.5149114279359842,0.022567580974157956,Critique,Critique,Normal,2025-04-29,S2M
Instrument,IF+AE,31.5,0.5216914915081037,0.006113875955135497,Critique,Faible,Normal,2025-01-30,IAM
Instrument,IF+AE,31.5,0.5221352204582468,0.005620736032478608,Critique,Faible,Normal,2025-08-08,BAL
Instrument,IF+AE,31.5,0.5237089085794108,0.003048543241644821,Critique,Normal,Normal,2025-04-11,SMI
Instrument,IF+AE,31.5,0.5222104529658234,0.007325877613497813,Critique,Faible,Normal,2025-07-29,MDP
Instrument,IF+AE,31.5,0.5183072460651803,0.017486026574559648,Critique,Modéré,Normal,2025-01-28,DHO
Instrument,IF+AE,31.4,0.5209809345421506,0.006218166100234661,Critique,Faible,Normal,2025-12-19,EQD
Instrument,IF+AE,31.4,0.522271931095297,0.001018878285138111,Critique,Normal,Normal,2025-07-04,SRM
Instrument,IF+AE,31.4,0.5208667611974744,0.0057556368426352695,Critique,Faible,Normal,2025-03-04,SMI
Instrument,IF+AE,31.4,0.5152018253575581,0.019271691391255254,Critique,Modéré,Normal,2025-06-18,IBC
Instrument,IF+AE,31.4,0.5220300006490213,0.001785433267499973,Critique,Normal,Normal,2025-07-22,IBC
Instrument,IF+AE,31.4,0.5210744418021853,0.004625876257841641,Critique,Faible,Normal,2025-02-25,TGC
Instrument,IF+AE,31.4,0.5220907748201462,0.002786886832495388,Critique,Normal,Normal,2025-04-10,RDS
Instrument,IF+AE,31.3,0.515472082411417,0.014272302964838942,Critique,Modéré,Normal,2025-08-29,MDP
Instrument,IF+AE,31.3,0.5151895889768698,0.014705345258585998,Critique,Modéré,Normal,2025-02-18,MOX
Instrument,IF+AE,31.3,0.5219790165297772,0.0009827608992040119,Critique,Normal,Normal,2025-03-24,DYT
Instrument,IF+AE,31.3,0.517334853550474,0.011154326943924316,Critique,Modéré,Normal,2025-08-13,VCN
Instrument,IF+AE,31.3,0.5142153822672426,0.01916904188748417,Critique,Modéré,Normal,2025-10-06,BAL
Instrument,IF+AE,31.3,0.5182834578027509,0.006135673455665142,Critique,Faible,Normal,2025-02-04,RDS
Instrument,IF+AE,31.2,0.5102098089086071,0.024784861788404524,Critique,Critique,Normal,2025-10-24,ZDJ
Instrument,IF+AE,31.2,0.517386805878937,0.006583227666291695,Critique,Faible,Normal,2025-06-18,FBR
Instrument,IF+AE,31.2,0.4952815822578054,0.05948310587985686,Critique,Critique,Normal,2025-12-19,GTM
Instrument,IF+AE,31.2,0.5200676167267743,0.0009597944495904303,Critique,Normal,Normal,2025-03-28,WAA
Instrument,IF+AE,31.2,0.5193342536789345,0.002413556518385681,Critique,Normal,Normal,2025-10-03,ZDJ
Instrument,IF+AE,31.2,0.5194846961658732,0.002402542730460654,Critique,Normal,Normal,2025-12-31,SAH
Instrument,IF+AE,31.2,0.5185299307626228,0.003080367348119119,Critique,Normal,Normal,2025-04-15,SLF
Instrument,IF+AE,31.2,0.5200784106541859,0.0015981652637813732,Critique,Normal,Normal,2025-03-25,SID
Instrument,IF+AE,31.2,0.5068589233193198,0.030212993785209592,Critique,Critique,Normal,2025-08-22,SNA
Instrument,IF+AE,31.1,0.5105329633422253,0.019161679666407895,Critique,Modéré,Normal,2025-05-16,EQD
Instrument,IF+AE,31.1,0.4947822662307704,0.05688527250822038,Critique,Critique,Normal,2025-08-15,FBR
Instrument,IF+AE,31.1,0.5176963901944297,0.003139126492815284,Critique,Normal,Normal,2025-10-03,NEJ
Instrument,IF+AE,31.1,0.5161013666482768,0.0033428960292776876,Critique,Faible,Normal,2025-10-21,BAL
Instrument,IF+AE,31.1,0.5172556625839737,0.0034416015123096295,Critique,Faible,Normal,2025-06-02,SNA
Instrument,IF+AE,31.1,0.4881384596917573,0.07248520046592265,Critique,Critique,Normal,2025-10-28,RDS
Instrument,IF+AE,31.1,0.5171491271657862,0.0020635000198443013,Critique,Normal,Normal,2025-12-26,DHO
Instrument,IF+AE,31.1,0.5177639373640168,0.0018568879838988435,Critique,Normal,Normal,2025-06-30,CTM
Instrument,IF+AE,31.0,0.5155031546414528,0.003946550956592327,Critique,Faible,Normal,2025-10-15,BCI
Instrument,IF+AE,31.0,0.5044236241360177,0.02850990987055631,Critique,Critique,Normal,2025-04-09,TQM
Instrument,IF+AE,31.0,0.5168065853990333,0.00039364950381145684,Critique,Normal,Normal,2025-04-18,TQM
Instrument,IF+AE,31.0,0.5143516841473442,0.0038663055066732285,Critique,Faible,Normal,2025-09-30,DYT
Instrument,IF+AE,31.0,0.5136568097308456,0.006618037242482753,Critique,Faible,Normal,2025-11-19,SLF
Instrument,IF+AE,31.0,0.5154556410350206,0.0022175014217533304,Critique,Normal,Normal,2025-02-13,REB
Instrument,IF+AE,31.0,0.5152193529268949,0.0020237439026209287,Critique,Normal,Normal,2025-10-15,ZDJ
Instrument,IF+AE,30.9,0.5137158692466618,0.0020969027142613145,Critique,Normal,Normal,2025-04-10,DYT
Instrument,IF+AE,30.9,0.5145847853263066,0.0023316661626107786,Critique,Normal,Normal,2025-11-04,CMT
Instrument,IF+AE,30.9,0.5115348102647986,0.007479876090216073,Critique,Faible,Normal,2025-04-15,DHO
Instrument,IF+AE,30.9,0.5047322245720678,0.025376184103492738,Critique,Critique,Normal,2025-07-29,STR
Instrument,IF+AE,30.9,0.5142861074960201,0.000424044366068855,Critique,Normal,Normal,2025-04-21,SAH
Instrument,IF+AE,30.9,0.4910509210520624,0.05431819115358941,Critique,Critique,Normal,2025-04-02,TQM
Instrument,IF+AE,30.9,0.5107324991813416,0.01160652106894123,Critique,Modéré,Normal,2025-05-23,GAZ
Instrument,IF+AE,30.9,0.5133573326698309,0.00473686984302275,Critique,Faible,Normal,2025-07-03,M2M
Instrument,IF+AE,30.9,0.5138893326681013,0.0028114026750901302,Critique,Normal,Normal,2025-12-26,ATL
Instrument,IF+AE,30.8,0.5134261620686804,0.001207667342844893,Critique,Normal,Normal,2025-11-28,BCI
Instrument,IF+AE,30.8,0.5115594965815654,0.002965658546536241,Critique,Normal,Normal,2025-12-29,SAH
Instrument,IF+AE,30.8,0.5005577496717966,0.028905125868303776,Critique,Critique,Normal,2025-05-08,RDS
Instrument,IF+AE,30.8,0.5080112483963184,0.011660207249115692,Critique,Modéré,Normal,2025-09-10,COL
Instrument,IF+AE,30.8,0.5124563040152541,0.0009938429142258823,Critique,Normal,Normal,2025-04-15,SAH
Instrument,IF+AE,30.7,0.5086772677357669,0.007260704987704687,Critique,Faible,Normal,2025-03-27,WAA
Instrument,IF+AE,30.7,0.5045547658815375,0.016494842438371887,Critique,Modéré,Normal,2025-10-24,STR
Instrument,IF+AE,30.7,0.5032992591100742,0.017781508452748764,Critique,Modéré,Normal,2025-04-11,JET
Instrument,IF+AE,30.7,0.49620358422210553,0.03499431777737657,Critique,Critique,Normal,2025-04-29,ZDJ
Instrument,IF+AE,30.7,0.5083973305447955,0.0060440185768474725,Critique,Faible,Normal,2025-03-28,SLF
Instrument,IF+AE,30.7,0.4230809293495089,0.20748018912684285,Modéré,Critique,Normal,2025-02-19,IBC
Instrument,IF+AE,30.7,0.4557516640924202,0.13016716412187815,Modéré,Critique,Normal,2025-09-25,EQD
Instrument,IF+AE,30.7,0.509271408466405,0.004578858198030985,Critique,Faible,Normal,2025-03-20,SID
Instrument,IF+AE,30.6,0.508571091476957,0.0015758406469450785,Critique,Normal,Normal,2025-06-23,RDS
Instrument,IF+AE,30.6,0.509047847266332,0.002010331729954068,Critique,Normal,Normal,2025-10-16,ZDJ
Instrument,IF+AE,30.6,0.5084421239700405,0.0025366453882225593,Critique,Normal,Normal,2025-12-30,LES
Instrument,IF+AE,30.6,0.5072814942279373,0.006988311637212207,Critique,Faible,Normal,2025-06-12,WAA
Instrument,IF+AE,30.5,0.5067956136562215,0.0024536174462541915,Critique,Normal,Normal,2025-06-03,SAH
Instrument,IF+AE,30.5,0.5063309690425253,0.0032848411601089865,Critique,Faible,Normal,2025-10-14,NEJ
Instrument,IF+AE,30.5,0.5068871251610616,0.0015532075590764898,Critique,Normal,Normal,2025-09-25,SBM
Instrument,IF+AE,30.5,0.5058544779158052,0.0039158749539394706,Critique,Faible,Normal,2025-08-08,ADI
Instrument,IF+AE,30.5,0.5059917540440186,0.005588207314603833,Critique,Faible,Normal,2025-12-18,REB
Instrument,IF+AE,30.5,0.4200955176634882,0.2048005870486826,Modéré,Critique,Normal,2025-04-18,RDS
Instrument,IF+AE,30.4,0.5045590455825685,0.005758998736649013,Critique,Faible,Normal,2025-10-07,SNA
Instrument,IF+AE,30.4,0.5060650489382905,0.0007958823530987057,Critique,Normal,Normal,2025-04-24,SLF
Instrument,IF+AE,30.4,0.5046360102444044,0.006332842408343486,Critique,Faible,Normal,2025-02-04,SID
Instrument,IF+AE,30.4,0.5046806568139858,0.004568081287007074,Critique,Faible,Normal,2025-10-02,NEJ
Instrument,IF+AE,30.4,0.5056054220531392,0.0019194247866806487,Critique,Normal,Normal,2025-04-10,MOX
Instrument,IF+AE,30.4,0.5063204004874595,0.0023046117087212933,Critique,Normal,Normal,2025-09-03,COL
Instrument,IF+AE,30.4,0.5050888731104426,0.004393265293476259,Critique,Faible,Normal,2025-08-06,PRO
Instrument,IF+AE,30.4,0.5061671409678856,0.0008614087142744313,Critique,Normal,Normal,2025-08-06,SRM
Instrument,IF+AE,30.4,0.5008645049746898,0.013610252718974203,Critique,Modéré,Normal,2025-04-04,JET
Instrument,IF+AE,30.4,0.5065496365484636,0.0007210270150018648,Critique,Normal,Normal,2025-03-07,IBC
Instrument,IF+AE,30.4,0.506585007709661,0.0011277335466893538,Critique,Normal,Normal,2025-07-21,INV
Instrument,IF+AE,30.3,0.5032667819116937,0.0024438679189707525,Critique,Normal,Normal,2025-10-02,AKT
Instrument,IF+AE,30.3,0.49753290586553445,0.015940426683399383,Critique,Modéré,Normal,2025-09-11,DWY
Instrument,IF+AE,30.3,0.5030787717353262,0.004696132951176236,Critique,Faible,Normal,2025-09-11,BAL
Instrument,IF+AE,30.3,0.47593305226233296,0.06647617972198638,Modéré,Critique,Normal,2025-03-27,TQM
Instrument,IF+AE,30.3,0.5022150610450777,0.006294723394909988,Critique,Faible,Normal,2025-08-05,BAL
Instrument,IF+AE,30.2,0.4975579258167663,0.013985257701967645,Critique,Modéré,Normal,2025-10-21,ZDJ
Instrument,IF+AE,30.2,0.5004556710096475,0.008703839224399872,Critique,Faible,Normal,2025-01-07,OUL
Instrument,IF+AE,30.2,0.5010851550796143,0.0035363085126146263,Critique,Faible,Normal,2025-07-18,CRS
Instrument,IF+AE,30.2,0.49859768006420035,0.01181879340255068,Critique,Modéré,Normal,2025-09-12,RDS
Instrument,IF+AE,30.2,0.5017799061011881,0.004761319872128109,Critique,Faible,Normal,2025-03-06,ALM
Instrument,IF+AE,30.2,0.5032646544483194,0.0019593240404833737,Critique,Normal,Normal,2025-12-30,SAH
Instrument,IF+AE,30.1,0.49980841597611414,0.003411940129476969,Critique,Faible,Normal,2025-02-25,ZDJ
Instrument,IF+AE,30.1,0.5010702124712865,0.0018587709025513815,Critique,Normal,Normal,2025-08-08,DHO
Instrument,IF+AE,30.1,0.4991277181362199,0.004771429746637509,Critique,Faible,Normal,2025-12-25,LES
Instrument,IF+AE,30.1,0.4997056881064261,0.002786056789385222,Critique,Normal,Normal,2025-08-28,BAL
Instrument,IF+AE,30.1,0.5021288160835056,0.0005369846896387834,Critique,Normal,Normal,2025-04-08,JET
Instrument,IF+AE,30.1,0.4987035465917016,0.005773411603760279,Critique,Faible,Normal,2025-06-26,ATH
Instrument,IF+AE,30.1,0.5001892959357225,0.0017767924574615358,Critique,Normal,Normal,2025-04-11,CMA
Instrument,IF+AE,30.1,0.49666856670277937,0.01311709039379955,Critique,Modéré,Normal,2025-05-28,REB
Instrument,IF+AE,30.1,0.49989484783645544,0.0036195908175116346,Critique,Faible,Normal,2025-09-10,SRM
Instrument,IF+AE,30.1,0.4978136967332114,0.007324628888106243,Critique,Faible,Normal,2025-02-20,SLF
Instrument,IF+AE,30.1,0.481902745092028,0.04611642999227596,Critique,Critique,Normal,2025-04-02,FBR
Instrument,IF+AE,30.1,0.501290195425284,0.0026721905763802127,Critique,Normal,Normal,2025-10-16,CMT
Instrument,IF+AE,30.0,0.49761979182691385,0.0041928452114364,Critique,Faible,Normal,2025-09-19,AFI
Instrument,IF+AE,30.0,0.4706042839702873,0.06699914179632992,Modéré,Critique,Normal,2025-08-04,VCN
Instrument,IF+AE,30.0,0.49892668545823904,0.0015254854865806209,Critique,Normal,Normal,2025-07-09,SRM
Instrument,IF+AE,29.9,0.49742165428218565,0.0020393226870913787,Critique,Normal,Normal,2025-04-09,STR
Instrument,IF+AE,29.9,0.4954996024889684,0.0072215429730811305,Critique,Faible,Normal,2025-01-07,CMG
Instrument,IF+AE,29.9,0.4621291632002741,0.08477058221124355,Modéré,Critique,Normal,2025-04-10,SRM
Instrument,IF+AE,29.9,0.49543420122234916,0.007246855857584444,Critique,Faible,Normal,2025-11-03,ZDJ
Instrument,IF+AE,29.9,0.493658037536701,0.009094362941229155,Critique,Faible,Normal,2025-06-10,MUT
Instrument,IF+AE,29.9,0.48832599287058864,0.023493630500978926,Critique,Critique,Normal,2025-08-13,SNA
Instrument,IF+AE,29.9,0.49618140111405384,0.0038702135908197603,Critique,Faible,Normal,2025-01-23,REB
Instrument,IF+AE,29.9,0.4977556310481276,0.001772610928561041,Critique,Normal,Normal,2025-04-10,ADI
Instrument,IF+AE,29.9,0.4973865285873771,0.003356406291983852,Critique,Faible,Normal,2025-09-26,DWY
Instrument,IF+AE,29.9,0.4974654509893742,0.0017134837015494262,Critique,Normal,Normal,2025-11-17,ZDJ
Instrument,IF+AE,29.8,0.4937643198404066,0.004906717799692506,Critique,Faible,Normal,2025-08-25,LBV
Instrument,IF+AE,29.8,0.47328872364120433,0.054077546519421434,Modéré,Critique,Normal,2025-08-13,FBR
Instrument,IF+AE,29.8,0.44809764133470387,0.11188930819363813,Modéré,Critique,Normal,2025-07-31,EQD
Instrument,IF+AE,29.8,0.49490562680902084,0.003588961711045633,Critique,Faible,Normal,2025-11-20,SLF
Instrument,IF+AE,29.8,0.49336138398735674,0.007447406583671257,Critique,Faible,Normal,2025-01-09,HPS
Instrument,IF+AE,29.8,0.49496455038191745,0.0035244924208920675,Critique,Faible,Normal,2025-12-25,OUL
Instrument,IF+AE,29.8,0.49471255740552056,0.004139013703960004,Critique,Faible,Normal,2025-12-10,ZDJ
Instrument,IF+AE,29.7,0.4920787339733099,0.007877406364616844,Critique,Faible,Normal,2025-01-08,OUL
Instrument,IF+AE,29.7,0.4941266464666094,0.0023766359432799713,Critique,Normal,Normal,2025-03-26,CFG
Instrument,IF+AE,29.7,0.4940145539637687,0.000960354830666046,Critique,Normal,Normal,2025-02-10,NEJ
Instrument,IF+AE,29.7,0.49210061429688234,0.007264362509728327,Critique,Faible,Normal,2025-12-26,S2M
Instrument,IF+AE,29.7,0.49288497735867987,0.00496903923544567,Critique,Faible,Normal,2025-09-29,ZDJ
Instrument,IF+AE,29.7,0.48294220438907,0.026864703801628913,Critique,Critique,Normal,2025-10-13,STR
Instrument,IF+AE,29.7,0.49038427265933004,0.010866640774744023,Critique,Modéré,Normal,2025-01-15,SRM
Instrument,IF+AE,29.7,0.4857589007800426,0.020452183081803514,Critique,Modéré,Normal,2025-04-18,SLF
Instrument,IF+AE,29.7,0.4940145539637687,0.000960354830666046,Critique,Normal,Normal,2025-02-07,NEJ
Instrument,IF+AE,29.7,0.47668442280009404,0.041709810136217995,Modéré,Critique,Normal,2025-07-17,VCN
Instrument,IF+AE,29.7,0.4940145539637687,0.000960354830666046,Critique,Normal,Normal,2025-02-06,NEJ
Instrument,IF+AE,29.7,0.4940145539637687,0.000960354830666046,Critique,Normal,Normal,2025-02-14,NEJ
Instrument,IF+AE,29.7,0.4940145539637687,0.000960354830666046,Critique,Normal,Normal,2025-02-12,NEJ
Instrument,IF+AE,29.7,0.4940145539637687,0.000960354830666046,Critique,Normal,Normal,2025-02-11,NEJ
Instrument,IF+AE,29.7,0.4940145539637687,0.000960354830666046,Critique,Normal,Normal,2025-02-13,NEJ
Instrument,IF+AE,29.6,0.49246962968958075,0.002142626856070695,Critique,Normal,Normal,2025-02-10,GAZ
Instrument,IF+AE,29.6,0.49243999715623055,0.003996690678489443,Critique,Faible,Normal,2025-03-28,IAM
Instrument,IF+AE,29.6,0.4891171824253264,0.00837382355640715,Critique,Faible,Normal,2025-02-19,SMI
Instrument,IF+AE,29.6,0.49145519858139475,0.0031815801256858105,Critique,Normal,Normal,2025-07-10,ARD
Instrument,IF+AE,29.6,0.4742902371628158,0.04399413617224826,Modéré,Critique,Normal,2025-08-27,STR
Instrument,IF+AE,29.6,0.4928136197405536,0.0020387157559583775,Critique,Normal,Normal,2025-10-13,ZDJ
Instrument,IF+AE,29.6,0.4918490791174128,0.004499591393119879,Critique,Faible,Normal,2025-01-31,REB
Instrument,IF+AE,29.6,0.49246869273419314,0.0017660913875301503,Critique,Normal,Normal,2025-06-11,FBR
Instrument,IF+AE,29.6,0.486323918536672,0.01821909020305919,Critique,Modéré,Normal,2025-02-19,MOX
Instrument,IF+AE,29.6,0.49334491060361607,0.0011840199442754345,Critique,Normal,Normal,2025-03-26,MDP
Instrument,IF+AE,29.6,0.4923180938471432,0.00366427817556973,Critique,Faible,Normal,2025-10-20,NEJ
Instrument,IF+AE,29.5,0.4794036449956788,0.03062000626500436,Modéré,Critique,Normal,2025-01-06,INV
Instrument,IF+AE,29.5,0.4909332211188211,0.002841943944397881,Critique,Normal,Normal,2025-12-02,REB
Instrument,IF+AE,29.5,0.490095160567518,0.0026347042536762058,Critique,Normal,Normal,2025-08-12,ATH
Instrument,IF+AE,29.5,0.4906381272558128,0.003300381708136327,Critique,Faible,Normal,2025-04-09,FBR
Instrument,IF+AE,29.5,0.489905550491054,0.0033045804318651206,Critique,Faible,Normal,2025-12-25,SMI
Instrument,IF+AE,29.5,0.4877207546555844,0.00766760145489644,Critique,Faible,Normal,2025-07-15,CRS
Instrument,IF+AE,29.4,0.48638778479178435,0.0074985057469295945,Critique,Faible,Normal,2025-12-26,ZDJ
Instrument,IF+AE,29.4,0.48858694219962917,0.0041948122110096065,Critique,Faible,Normal,2025-06-13,REB
Instrument,IF+AE,29.4,0.48169234908615544,0.020968858691581715,Critique,Modéré,Normal,2025-11-12,INV
Instrument,IF+AE,29.4,0.4882947508514396,0.0033882672494915406,Critique,Faible,Normal,2025-06-24,CTM
Instrument,IF+AE,29.4,0.4897417872679315,0.001924309136520838,Critique,Normal,Normal,2025-07-18,SOT
Instrument,IF+AE,29.4,0.48956472718749755,0.0017098076632057673,Critique,Normal,Normal,2025-03-28,TMA
Instrument,IF+AE,29.4,0.4865438554726055,0.006886125261271827,Critique,Faible,Normal,2025-07-18,ZDJ
Instrument,IF+AE,29.4,0.489547439673523,0.0014255730906711237,Critique,Normal,Normal,2025-07-15,SLF
Instrument,IF+AE,29.4,0.4738044014189855,0.038655978371928246,Modéré,Critique,Normal,2025-07-16,VCN
Instrument,IF+AE,29.4,0.4895116358570951,0.0016386879092517245,Critique,Normal,Normal,2025-12-12,REB
Instrument,IF+AE,29.4,0.39597798137132,0.2211302273552369,Modéré,Critique,Normal,2025-08-04,EQD
Instrument,IF+AE,29.4,0.48653102015043104,0.008142130492213339,Critique,Faible,Normal,2025-08-06,IBC
Instrument,IF+AE,29.3,0.48724775084191974,0.002995335706155387,Critique,Normal,Normal,2025-09-11,COL
Instrument,IF+AE,29.3,0.48682867445783606,0.005463748005260558,Critique,Faible,Normal,2025-12-11,REB
Instrument,IF+AE,29.3,0.4863333747334191,0.004585740653314411,Critique,Faible,Normal,2025-07-16,REB
Instrument,IF+AE,29.3,0.4870442147048678,0.001593030702222124,Critique,Normal,Normal,2025-04-17,SNA
Instrument,IF+AE,29.3,0.4745183300085797,0.03246465996457367,Modéré,Critique,Normal,2025-09-08,BAL
Instrument,IF+AE,29.3,0.48683357663002247,0.0022801049043528468,Critique,Normal,Normal,2025-09-30,SBM
Instrument,IF+AE,29.3,0.4878412424947681,0.0027830073494688173,Critique,Normal,Normal,2025-02-13,IBC
Instrument,IF+AE,29.3,0.4870894498166294,0.0015803985030726653,Critique,Normal,Normal,2025-06-02,SAH
Instrument,IF+AE,29.3,0.4859275402217489,0.004830638333310579,Critique,Faible,Normal,2025-04-24,ZDJ
Instrument,IF+AE,29.3,0.48559613459329687,0.006862497136000941,Critique,Faible,Normal,2025-04-10,CTM
Instrument,IF+AE,29.3,0.47206927907449836,0.03932972400917179,Modéré,Critique,Normal,2025-04-08,M2M
Instrument,IF+AE,29.2,0.48464199950642717,0.0034171321228018197,Critique,Faible,Normal,2025-09-29,HPS
Instrument,IF+AE,29.2,0.4840160247628815,0.005145607847162451,Critique,Faible,Normal,2025-04-04,LBV
Instrument,IF+AE,29.2,0.48705284675662464,0.0010436771864670525,Critique,Normal,Normal,2025-04-04,WAA
Instrument,IF+AE,29.2,0.4859583897307743,0.0023637224188212238,Critique,Normal,Normal,2025-12-10,REB
Instrument,IF+AE,29.2,0.4858997005286677,0.0007964446611841674,Critique,Normal,Normal,2025-09-30,HPS
Instrument,IF+AE,29.2,0.485952363321855,0.0027935745150415806,Critique,Normal,Normal,2025-02-20,MSA
Instrument,IF+AE,29.2,0.4854970410918241,0.00312488265627224,Critique,Normal,Normal,2025-10-03,TQM
Instrument,IF+AE,29.2,0.48509643310552,0.0035881280304856347,Critique,Faible,Normal,2025-02-12,LHM
Instrument,IF+AE,29.1,0.48444626164267157,0.001476876467436268,Critique,Normal,Normal,2025-07-07,REB
Instrument,IF+AE,29.1,0.4837524517720112,0.002755312997106734,Critique,Normal,Normal,2025-01-21,DRI
Instrument,IF+AE,29.1,0.4700642849329296,0.03651141464354488,Modéré,Critique,Normal,2025-08-18,SNA
Instrument,IF+AE,29.1,0.4809802185024691,0.010023486370822489,Critique,Faible,Normal,2025-11-07,REB
Instrument,IF+AE,29.0,0.37558992847589656,0.25312199833200916,Modéré,Critique,Normal,2025-01-10,DYT
Instrument,IF+AE,29.0,0.48138514410573086,0.002846065686059133,Critique,Normal,Normal,2025-12-09,REB
Instrument,IF+AE,29.0,0.4654948210924439,0.042461096924520055,Modéré,Critique,Normal,2025-06-19,SRM
Instrument,IF+AE,29.0,0.3840548553793607,0.23174371026919743,Modéré,Critique,Normal,2025-04-24,DHO
Instrument,IF+AE,29.0,0.48325723525521036,0.0006656388976392848,Critique,Normal,Normal,2025-04-14,SBM
Instrument,IF+AE,29.0,0.4380094000171658,0.10695654203351462,Modéré,Critique,Normal,2025-07-31,ZDJ
Instrument,IF+AE,29.0,0.48251898697393414,0.0010558355934762165,Critique,Normal,Normal,2025-04-16,MOX
Instrument,IF+AE,29.0,0.4838363971196411,0.000741749694892367,Critique,Normal,Normal,2025-09-23,NKL
Instrument,IF+AE,29.0,0.48079348195116445,0.005444487876861789,Critique,Faible,Normal,2025-09-16,RDS
Instrument,IF+AE,29.0,0.48277129436649413,0.0025239690209593784,Critique,Normal,Normal,2025-11-05,RDS
Instrument,IF+AE,28.9,0.4808220343679558,0.0007815338893464176,Critique,Normal,Normal,2025-10-01,SBM
Instrument,IF+AE,28.9,0.44012933553483025,0.09832679043412447,Modéré,Critique,Normal,2025-01-10,MDP
Instrument,IF+AE,28.9,0.47982113519751934,0.0050035704898308934,Critique,Faible,Normal,2025-04-23,LBV
Instrument,IF+AE,28.9,0.4805364510337603,0.000858859119103616,Critique,Normal,Normal,2025-08-01,FBR
Instrument,IF+AE,28.9,0.46932051974161837,0.029566271909658215,Modéré,Critique,Normal,2025-04-04,STR
Instrument,IF+AE,28.9,0.4708003665300431,0.026091525080118562,Modéré,Critique,Normal,2025-08-01,INV
Instrument,IF+AE,28.9,0.471904969547299,0.02271755505359047,Modéré,Critique,Normal,2025-07-11,BAL
Instrument,IF+AE,28.9,0.48130357465205753,0.0008799755597189229,Critique,Normal,Normal,2025-07-16,SLF
Instrument,IF+AE,28.9,0.4260870881186355,0.1295946741552666,Modéré,Critique,Normal,2025-10-14,RDS
Instrument,IF+AE,28.9,0.4800274087010816,0.002935527847397777,Critique,Normal,Normal,2025-01-24,REB
Instrument,IF+AE,28.9,0.4813820503386833,0.0026146384366805497,Critique,Normal,Normal,2025-03-26,EQD
Instrument,IF+AE,28.8,0.4679030215590211,0.0274961917016819,Modéré,Critique,Normal,2025-07-15,ZDJ
Instrument,IF+AE,28.8,0.48005740735137503,0.001713477077990267,Critique,Normal,Normal,2025-11-11,ZDJ
Instrument,IF+AE,28.7,0.4619093179571695,0.03740852135263814,Modéré,Critique,Normal,2025-07-16,ZDJ
Instrument,IF+AE,28.7,0.44755773663978093,0.07025648721639503,Modéré,Critique,Normal,2025-11-10,INV
Instrument,IF+AE,28.6,0.4572136218241526,0.0457428515142902,Modéré,Critique,Normal,2025-03-06,STR
Instrument,IF+AE,28.6,0.45903880026823585,0.039901538376440844,Modéré,Critique,Normal,2025-08-25,VCN
Instrument,IF+AE,28.5,0.4578035465963839,0.04108188084831325,Modéré,Critique,Normal,2025-10-07,HPS
Instrument,IF+AE,28.4,0.44720851116913385,0.06156249670154587,Modéré,Critique,Normal,2025-01-31,RDS
Instrument,IF+AE,28.4,0.4632080045873377,0.02467736480453395,Modéré,Critique,Normal,2025-12-10,CAP
Instrument,IF+AE,28.3,0.45997011286056677,0.025632668444299678,Modéré,Critique,Normal,2025-10-29,NEJ
Instrument,IF+AE,28.2,0.45829224068467944,0.026750068940192114,Modéré,Critique,Normal,2025-09-03,JET
Instrument,IF+AE,28.2,0.42413329102283903,0.10855811076291401,Modéré,Critique,Normal,2025-04-16,JET
Instrument,IF+AE,28.1,0.4480422903341893,0.04603575881142371,Modéré,Critique,Normal,2025-01-27,MOX
Instrument,IF+AE,28.0,0.41561456231533667,0.12038479366413164,Modéré,Critique,Normal,2025-12-31,MLE
Instrument,IF+AE,28.0,0.45240399030379996,0.03398372392915168,Modéré,Critique,Normal,2025-08-12,CMT
Instrument,IF+AE,27.9,0.4230467973055726,0.0987939332365971,Modéré,Critique,Normal,2025-07-31,SLF
Instrument,IF+AE,27.6,0.45062315355749505,0.022579128149751895,Modéré,Critique,Normal,2025-10-22,SNP
Instrument,IF+AE,27.6,0.448899978532489,0.02560376097158597,Modéré,Critique,Normal,2025-10-30,STR
Instrument,IF+AE,27.5,0.4236188880292403,0.08089155348191998,Modéré,Critique,Normal,2025-02-26,IBC
Instrument,IF+AE,27.3,0.44147524027899754,0.032780403372461714,Modéré,Critique,Normal,2025-08-08,CRS
Instrument,IF+AE,27.2,0.42147542483163625,0.0737403952806741,Modéré,Critique,Normal,2025-03-18,TGC
Instrument,IF+AE,27.2,0.4142083626435823,0.09280103655399945,Modéré,Critique,Normal,2025-05-30,STR
Instrument,IF+AE,27.2,0.4408471686454021,0.02780784916702822,Modéré,Critique,Normal,2025-04-03,FBR
Instrument,IF+AE,27.1,0.4016829843590072,0.11591582145056208,Modéré,Critique,Normal,2025-01-09,SID
Instrument,IF+AE,27.1,0.42597271653259583,0.062025774935679366,Modéré,Critique,Normal,2025-08-04,ZDJ
Instrument,IF+AE,27.0,0.43748355612392853,0.02752387296785386,Modéré,Critique,Normal,2025-06-03,ZDJ
Instrument,IF+AE,27.0,0.4324015590579241,0.04227848729270066,Modéré,Critique,Normal,2025-04-16,S2M
Instrument,IF+AE,27.0,0.43478315304186166,0.03386143936965158,Modéré,Critique,Normal,2025-07-22,STR
Instrument,IF+AE,27.0,0.4168653929809696,0.07737461539833257,Modéré,Critique,Normal,2025-02-21,CMG
Instrument,IF+AE,26.9,0.40530978194718636,0.0992993790517262,Modéré,Critique,Normal,2025-09-10,MDP
Instrument,IF+AE,26.9,0.43217441396927303,0.03752189484724436,Modéré,Critique,Normal,2025-08-13,MDP
Instrument,IF+AE,26.9,0.42731118119819733,0.047308922828466965,Modéré,Critique,Normal,2025-10-29,STR
Instrument,IF+AE,26.9,0.42382002068927793,0.05746059417849806,Modéré,Critique,Normal,2025-08-01,SLF
Instrument,IF+AE,26.9,0.43882756904663933,0.02181160009643285,Modéré,Critique,Normal,2025-05-23,IBC
Instrument,IF+AE,26.8,0.43648856545232917,0.02417523009171717,Modéré,Critique,Normal,2025-01-03,CMG
Instrument,IF+AE,26.8,0.4077030094895844,0.09063941229477253,Modéré,Critique,Normal,2025-03-28,TQM
Instrument,IF+AE,26.7,0.4352726306069342,0.022644868669086098,Modéré,Critique,Normal,2025-12-23,SAH
Instrument,IF+AE,26.6,0.42643481848014797,0.03854966189708618,Modéré,Critique,Normal,2025-02-18,SLF
Instrument,IF+AE,26.6,0.43096805864734966,0.028023522013406743,Modéré,Critique,Normal,2025-04-30,S2M
Instrument,IF+AE,26.6,0.4325787845465071,0.02361461002206748,Modéré,Critique,Normal,2025-09-11,RDS
Instrument,IF+AE,26.6,0.43354199924303793,0.022627628099339908,Modéré,Critique,Normal,2025-08-22,DYT
Instrument,IF+AE,26.5,0.42754835989319595,0.031367463032369564,Modéré,Critique,Normal,2025-02-05,REB
Instrument,IF+AE,26.5,0.43173353183891405,0.02330224828528834,Modéré,Critique,Normal,2025-11-12,NEJ
Instrument,IF+AE,26.5,0.42963585330571563,0.02946723115398219,Modéré,Critique,Normal,2025-04-25,LBV
Instrument,IF+AE,26.5,0.40631670580992896,0.08345890093894076,Modéré,Critique,Normal,2025-10-15,STR
Instrument,IF+AE,26.4,0.42057579417120394,0.04725078474783016,Modéré,Critique,Normal,2025-09-10,SNA
Instrument,IF+AE,26.3,0.42074900090098954,0.039693925587571094,Modéré,Critique,Normal,2025-07-02,DWY
Instrument,IF+AE,26.2,0.4282398030222706,0.021618748627999965,Modéré,Critique,Normal,2025-05-02,RDS
Instrument,IF+AE,26.0,0.4186995076128024,0.03330827801400368,Modéré,Critique,Normal,2025-08-18,FBR
Instrument,IF+AE,25.9,0.4187594297408175,0.028653897615447295,Modéré,Critique,Normal,2025-04-18,FBR
Instrument,IF+AE,25.9,0.41752019148284936,0.03244078086627252,Modéré,Critique,Normal,2025-01-09,CMG
Instrument,IF+AE,25.9,0.41984340095484607,0.029283484946429295,Modéré,Critique,Normal,2025-08-07,RDS
Instrument,IF+AE,25.8,0.41146818336310265,0.04520571744600992,Modéré,Critique,Normal,2025-12-01,INV
Instrument,IF+AE,25.7,0.39365066528281145,0.0816913266580063,Modéré,Critique,Normal,2025-05-05,S2M
Instrument,IF+AE,25.7,0.41138540574890203,0.04135812851369689,Modéré,Critique,Normal,2025-12-31,SMI
Instrument,IF+AE,25.6,0.41619224272813593,0.024787255860612,Modéré,Critique,Normal,2025-10-08,RIS
Instrument,IF+AE,25.6,0.41734533444718735,0.021467151115318273,Modéré,Critique,Normal,2025-05-12,TQM
Instrument,IF+AE,25.6,0.4137538788290983,0.028857754509379403,Modéré,Critique,Normal,2025-02-03,RDS
Instrument,IF+AE,25.6,0.41669181511289677,0.023903820131888635,Modéré,Critique,Normal,2025-06-03,MDP
Instrument,IF+AE,25.5,0.37993350733141207,0.10485540000724197,Modéré,Critique,Normal,2025-08-05,EQD
Instrument,IF+AE,25.5,0.3699372932722277,0.12847934733877436,Modéré,Critique,Normal,2025-08-07,EQD
Instrument,IF+AE,25.5,0.3461991437903489,0.18495439041058365,Faible,Critique,Normal,2025-01-08,CTM
Instrument,IF+AE,25.5,0.4144857476644098,0.023117357594065087,Modéré,Critique,Normal,2025-04-15,JET
Instrument,IF+AE,25.4,0.3819355454069341,0.09663570027926832,Modéré,Critique,Normal,2025-01-13,RDS
Instrument,IF+AE,25.3,0.4044828943276211,0.03880754020265443,Modéré,Critique,Normal,2025-10-28,SNA
Instrument,IF+AE,25.3,0.4101667919860451,0.028387145611556665,Modéré,Critique,Normal,2025-03-26,SOT
Instrument,IF+AE,25.2,0.41024675790353526,0.02445678747601442,Modéré,Critique,Normal,2025-07-02,CTM
Instrument,IF+AE,25.2,0.4070956096772024,0.03123892470179635,Modéré,Critique,Normal,2025-04-14,JET
Instrument,IF+AE,25.2,0.3969268642670688,0.05556399914712167,Modéré,Critique,Normal,2025-03-19,JET
Instrument,IF+AE,25.2,0.40809657042070724,0.026660761988703357,Modéré,Critique,Normal,2025-01-17,MIC
Instrument,IF+AE,25.2,0.4056399817833165,0.033687884822215824,Modéré,Critique,Normal,2025-04-18,SNP
Instrument,IF+AE,25.1,0.4003591906012052,0.04379007891859127,Modéré,Critique,Normal,2025-08-11,VCN
Instrument,IF+AE,25.1,0.371422848742742,0.1112749217764092,Modéré,Critique,Normal,2025-03-14,LBV
Instrument,IF+AE,25.0,0.4057492447171571,0.025925666801272264,Modéré,Critique,Normal,2025-12-22,CAP
Instrument,IF+AE,25.0,0.385271627972396,0.07427950819224842,Modéré,Critique,Normal,2025-12-11,BCI
Instrument,IF+AE,25.0,0.4039212784041467,0.031314957577613406,Modéré,Critique,Normal,2025-01-02,CMG
Instrument,IF+AE,24.9,0.2985120262948634,0.27345340158950254,Faible,Critique,Normal,2025-01-07,CTM
Instrument,IF+AE,24.9,0.39640927599734643,0.043707917539554636,Modéré,Critique,Normal,2025-12-04,INV
Instrument,IF+AE,24.8,0.4040360040465447,0.02327326396289399,Modéré,Critique,Normal,2025-06-12,LES
Instrument,IF+AE,24.8,0.4002513207338443,0.029804221733189376,Modéré,Critique,Normal,2025-09-12,SNA
Instrument,IF+AE,24.7,0.3893584209292287,0.05303369915099076,Modéré,Critique,Normal,2025-08-12,MDP
Instrument,IF+AE,24.7,0.39232273876070867,0.04359491838405951,Modéré,Critique,Normal,2025-11-20,CMT
Instrument,IF+AE,24.6,0.3995518437006159,0.024051944608528792,Modéré,Critique,Normal,2025-01-09,OUL
Instrument,IF+AE,24.6,0.3690115021150079,0.0950744429922428,Modéré,Critique,Normal,2025-04-17,SNP
Instrument,IF+AE,24.6,0.3970624648436136,0.029454779919929605,Modéré,Critique,Normal,2025-12-15,SNP
Instrument,IF+AE,24.6,0.39187762203613297,0.04344216012168127,Modéré,Critique,Normal,2025-08-15,MDP
Instrument,IF+AE,24.5,0.39814530478788224,0.022276475848844526,Modéré,Critique,Normal,2025-06-25,FBR
Instrument,IF+AE,24.5,0.39813533198502515,0.022274738530413167,Modéré,Critique,Normal,2025-08-08,ADH
Instrument,IF+AE,24.5,0.3954068289230762,0.030593730400759196,Modéré,Critique,Normal,2025-02-13,RDS
Instrument,IF+AE,24.4,0.39807642131835375,0.021890514289216255,Modéré,Critique,Normal,2025-04-17,SMI
Instrument,IF+AE,24.4,0.2865602528353035,0.281044153926553,Faible,Critique,Normal,2025-04-30,BCI
Instrument,IF+AE,24.3,0.3830198708344007,0.05296989208051509,Modéré,Critique,Normal,2025-08-11,STR
Instrument,IF+AE,24.1,0.38838525253779843,0.0325283291359629,Modéré,Critique,Normal,2025-07-31,INV
Instrument,IF+AE,24.1,0.3820398550387464,0.04403662139547845,Modéré,Critique,Normal,2025-03-27,MNG
Instrument,IF+AE,24.1,0.3857380182837974,0.03548215799344152,Modéré,Critique,Normal,2025-08-18,ZDJ
Instrument,IF+AE,24.1,0.37894262524182054,0.05476912979813077,Modéré,Critique,Normal,2025-04-24,SNP
Instrument,IF+AE,23.9,0.37065951889829296,0.06358194425900615,Modéré,Critique,Normal,2025-09-12,MDP
Instrument,IF+AE,23.8,0.38550489018591605,0.02750023560690277,Modéré,Critique,Normal,2025-02-19,AFM
Instrument,IF+AE,23.8,0.38445860198673465,0.02825574471891413,Modéré,Critique,Normal,2025-06-13,SNA
Instrument,IF+AE,23.7,0.37508633258768953,0.04801446390701775,Modéré,Critique,Normal,2025-04-25,FBR
Instrument,IF+AE,23.7,0.3835173351144735,0.027770451381489678,Modéré,Critique,Normal,2025-04-09,ADH
Instrument,IF+AE,23.7,0.34964527037927806,0.10719259858894298,Faible,Critique,Normal,2025-04-18,JET
Instrument,IF+AE,23.7,0.3815449696331207,0.030153092330728232,Modéré,Critique,Normal,2025-07-24,IBC
Instrument,IF+AE,23.6,0.36478104118795673,0.065432829518071,Modéré,Critique,Normal,2025-08-08,VCN
Instrument,IF+AE,23.6,0.3781025651855694,0.03563650283993152,Modéré,Critique,Normal,2025-06-26,RDS
Instrument,IF+AE,23.5,0.36841233479224167,0.056159977881872276,Modéré,Critique,Normal,2025-12-30,TQM
Instrument,IF+AE,23.4,0.34830150283619044,0.09646350313269886,Faible,Critique,Normal,2025-01-29,RDS
Instrument,IF+AE,23.4,0.3716952013465674,0.041636350348348956,Modéré,Critique,Normal,2025-01-09,STR
Instrument,IF+AE,23.2,0.3708039905098591,0.035481082473576724,Modéré,Critique,Normal,2025-11-17,NEJ
Instrument,IF+AE,23.2,0.35951431343392126,0.06260971182202757,Faible,Critique,Normal,2025-01-13,CMG
Instrument,IF+AE,23.1,0.3720149296302492,0.028883605657354015,Modéré,Critique,Normal,2025-11-28,INV
Instrument,IF+AE,23.1,0.37231427534188055,0.028847373191509665,Modéré,Critique,Normal,2025-10-31,STR
Instrument,IF+AE,23.1,0.3654635984165219,0.045025818420882394,Modéré,Critique,Normal,2025-11-13,REB
Instrument,IF+AE,23.1,0.3631582514482251,0.049636552172078054,Modéré,Critique,Normal,2025-08-19,MDP
Instrument,IF+AE,23.1,0.3567783067282406,0.06777322804372436,Faible,Critique,Normal,2025-01-28,RDS
Instrument,IF+AE,23.1,0.34861079565883046,0.0857399646349159,Faible,Critique,Normal,2025-01-16,FBR
Instrument,IF+AE,23.1,0.375434034492531,0.022342782755498496,Modéré,Critique,Normal,2025-07-28,IBC
Instrument,IF+AE,23.0,0.35306115933227455,0.0707130072776849,Faible,Critique,Normal,2025-11-19,CMT
Instrument,IF+AE,22.9,0.3729253641580307,0.022307699787983647,Modéré,Critique,Normal,2025-09-11,MDP
Instrument,IF+AE,22.9,0.3610907010388653,0.04860625267195627,Modéré,Critique,Normal,2025-09-04,ATH
Instrument,IF+AE,22.9,0.3201596810364239,0.14453485741865435,Faible,Critique,Normal,2025-05-16,SAH
Instrument,IF+AE,22.8,0.3356605173609708,0.10377260593874449,Faible,Critique,Normal,2025-10-03,HPS
Instrument,IF+AE,22.8,0.3543416344077275,0.06077121007256335,Faible,Critique,Normal,2025-10-23,NKL
Instrument,IF+AE,22.6,0.35384859079799713,0.053353657094756216,Faible,Critique,Normal,2025-08-28,AFI
Instrument,IF+AE,22.6,0.3576131020155615,0.04444237199916821,Faible,Critique,Normal,2025-10-22,MOX
Instrument,IF+AE,22.6,0.3582482996239028,0.04132781864232307,Faible,Critique,Normal,2025-04-24,JET
Instrument,IF+AE,22.6,0.35317713253902805,0.05649510825693519,Faible,Critique,Normal,2025-01-15,MDP
Instrument,IF+AE,22.5,0.35250289669679646,0.051018455160702886,Faible,Critique,Normal,2025-07-28,ZDJ
Instrument,IF+AE,22.5,0.34392804933645527,0.07153780337894833,Faible,Critique,Normal,2025-04-28,SNA
Instrument,IF+AE,22.5,0.36408914045159024,0.024116076910586665,Modéré,Critique,Normal,2025-10-08,CMT
Instrument,IF+AE,22.5,0.35517306978033536,0.045085158403188115,Faible,Critique,Normal,2025-07-10,SLF
Instrument,IF+AE,22.4,0.3480641555144486,0.05905955788742496,Faible,Critique,Normal,2025-03-28,SID
Instrument,IF+AE,22.4,0.3403444080511452,0.07592925409685794,Faible,Critique,Normal,2025-10-27,VCN
Instrument,IF+AE,22.3,0.3611400025756534,0.02610592579339684,Modéré,Critique,Normal,2025-07-28,INV
Instrument,IF+AE,22.2,0.3498667816558845,0.04699053169380486,Faible,Critique,Normal,2025-02-11,ZDJ
Instrument,IF+AE,22.2,0.3457430657239482,0.05554627193659287,Faible,Critique,Normal,2025-08-04,SLF
Instrument,IF+AE,22.2,0.3221351929011954,0.11076773785673875,Faible,Critique,Normal,2025-08-27,DYT
Instrument,IF+AE,22.2,0.3384363375773788,0.07548515139807016,Faible,Critique,Normal,2025-01-22,STR
Instrument,IF+AE,22.1,0.35733626725224354,0.027296284513373868,Faible,Critique,Normal,2025-12-10,OUL
Instrument,IF+AE,22.0,0.35060572353464714,0.03786070991628922,Faible,Critique,Normal,2025-09-30,TQM
Instrument,IF+AE,22.0,0.3380013627586601,0.0688989298191339,Faible,Critique,Normal,2025-02-28,JET
Instrument,IF+AE,21.9,0.31082120045574124,0.12649458743846878,Faible,Critique,Normal,2025-07-09,AFI
Instrument,IF+AE,21.9,0.35483931473103214,0.02257451777366902,Faible,Critique,Normal,2025-12-12,DWY
Instrument,IF+AE,21.9,0.34625590858031574,0.044640277124081564,Faible,Critique,Normal,2025-08-07,VCN
Instrument,IF+AE,21.8,0.3477755909210539,0.03607394131983504,Faible,Critique,Normal,2025-01-09,MOX
Instrument,IF+AE,21.7,0.3508850975404113,0.027044595008591896,Faible,Critique,Normal,2025-02-03,MNG
Instrument,IF+AE,21.7,0.3306829855041813,0.07442902751826848,Faible,Critique,Normal,2025-10-15,RDS
Instrument,IF+AE,21.7,0.3385420959801102,0.05327816679272162,Faible,Critique,Normal,2025-04-29,SNA
Instrument,IF+AE,21.6,0.3481648259541146,0.026304784323748786,Faible,Critique,Normal,2025-01-23,SRM
Instrument,IF+AE,21.6,0.34324534504829374,0.04012278418419883,Faible,Critique,Normal,2025-10-14,SNA
Instrument,IF+AE,21.6,0.350340448841688,0.022822542816994664,Faible,Critique,Normal,2025-03-20,SNP
Instrument,IF+AE,21.6,0.33500914784304225,0.05932703178864369,Faible,Critique,Normal,2025-01-08,DYT
Instrument,IF+AE,21.6,0.34586024790720826,0.03329486559499185,Faible,Critique,Normal,2025-07-24,STR
Instrument,IF+AE,21.6,0.34783387127185006,0.02694835776963551,Faible,Critique,Normal,2025-05-02,S2M
Instrument,IF+AE,21.5,0.34503535220552484,0.032940992927989285,Faible,Critique,Normal,2025-05-07,SRM
Instrument,IF+AE,21.5,0.315055598557313,0.10102030773777737,Faible,Critique,Normal,2025-10-01,TQM
Instrument,IF+AE,21.5,0.3457025774981811,0.02952805041699932,Faible,Critique,Normal,2025-12-17,REB
Instrument,IF+AE,21.5,0.3440698023424823,0.03214044290531469,Faible,Critique,Normal,2025-05-07,TMA
Instrument,IF+AE,21.4,0.3437238863773937,0.030502726592725366,Faible,Critique,Normal,2025-04-22,DYT
Instrument,IF+AE,21.4,0.34611273485252636,0.023261907800074377,Faible,Critique,Normal,2025-09-02,JET
Instrument,IF+AE,21.3,0.321276217503915,0.0771556797386888,Faible,Critique,Normal,2025-01-13,MDP
Instrument,IF+AE,21.3,0.34024299889091314,0.034299765281312594,Faible,Critique,Normal,2025-04-30,CMT
Instrument,IF+AE,21.3,0.3455296548615344,0.021167593020532643,Faible,Critique,Normal,2025-08-19,FBR
Instrument,IF+AE,21.3,0.34063814194135267,0.03507211409452324,Faible,Critique,Normal,2025-04-15,S2M
Instrument,IF+AE,21.2,0.33242179587776477,0.04953686029475027,Faible,Critique,Normal,2025-03-21,SAH
Instrument,IF+AE,21.2,0.3370847657260022,0.038267166929100316,Faible,Critique,Normal,2025-01-06,CTM
Instrument,IF+AE,21.2,0.33625972308189367,0.04103862213272055,Faible,Critique,Normal,2025-11-17,CMT
Instrument,IF+AE,21.2,0.3397606080257084,0.0333654807872034,Faible,Critique,Normal,2025-07-21,SRM
Instrument,IF+AE,21.2,0.34260582573676546,0.02337200080792436,Faible,Critique,Normal,2025-02-19,LBV
Instrument,IF+AE,21.1,0.3394953897826881,0.027518195190721614,Faible,Critique,Normal,2025-09-16,DRI
Instrument,IF+AE,21.1,0.3417805770194501,0.0225836571060352,Faible,Critique,Normal,2025-11-11,REB
Instrument,IF+AE,21.1,0.33240726583504865,0.046636057194828336,Faible,Critique,Normal,2025-02-20,CMG
Instrument,IF+AE,21.0,0.27946342195546836,0.16598212019387892,Faible,Critique,Normal,2025-01-09,INV
Instrument,IF+AE,20.9,0.26886256754890636,0.18801307836044934,Faible,Critique,Normal,2025-01-15,DYT
Instrument,IF+AE,20.9,0.3385260139382781,0.023083040534367768,Faible,Critique,Normal,2025-07-08,SNA
Instrument,IF+AE,20.9,0.3284912165502438,0.04506182814394361,Faible,Critique,Normal,2025-04-07,COL
Instrument,IF+AE,20.8,0.3262590514040319,0.048904275940833394,Faible,Critique,Normal,2025-01-30,RDS
Instrument,IF+AE,20.8,0.3358986914983708,0.025871030932160675,Faible,Critique,Normal,2025-08-22,STR
Instrument,IF+AE,20.8,0.30968150125865246,0.08558217603935023,Faible,Critique,Normal,2025-03-25,RIS
Instrument,IF+AE,20.7,0.3301730343905115,0.03573000684532015,Faible,Critique,Normal,2025-09-16,MDP
Instrument,IF+AE,20.6,0.3191962054104832,0.05664638555787202,Faible,Critique,Normal,2025-08-11,INV
Instrument,IF+AE,20.6,0.33377572954597323,0.021579028586863752,Faible,Critique,Normal,2025-10-27,RDS
Instrument,IF+AE,20.6,0.3249854950011489,0.042043191825603315,Faible,Critique,Normal,2025-05-19,MAB
Instrument,IF+AE,20.6,0.2947149705344546,0.1124677857756897,Faible,Critique,Normal,2025-01-16,CMG
Instrument,IF+AE,20.5,0.3035317305213755,0.08922262708945766,Faible,Critique,Normal,2025-01-07,MOX
Instrument,IF+AE,20.4,0.3306422783016264,0.02317870130658835,Faible,Critique,Normal,2025-12-26,REB
Instrument,IF+AE,20.4,0.3127005823576936,0.06263578247888624,Faible,Critique,Normal,2025-01-03,CTM
Instrument,IF+AE,20.3,0.2888788327500833,0.11690864611417519,Faible,Critique,Normal,2025-05-08,TQM
Instrument,IF+AE,20.2,0.32039590688509223,0.03695718539391292,Faible,Critique,Normal,2025-02-17,DRI
Instrument,IF+AE,20.1,0.3228722003885345,0.02905696154354214,Faible,Critique,Normal,2025-01-17,COL
Instrument,IF+AE,20.1,0.30838529038741214,0.06140530726631123,Faible,Critique,Normal,2025-04-16,SNP
Instrument,IF+AE,20.1,0.3253721471111395,0.02327920344633077,Faible,Critique,Normal,2025-09-29,SID
Instrument,IF+AE,20.0,0.3233558965598857,0.02493988889791956,Faible,Critique,Normal,2025-06-04,SBM
Instrument,IF+AE,20.0,0.322950164094549,0.024875395300252307,Faible,Critique,Normal,2025-04-17,AKT
Instrument,IF+AE,20.0,0.25704009384545123,0.18000733830358812,Faible,Critique,Normal,2025-04-25,SBM
Instrument,IF+AE,19.9,0.3076710169844652,0.055812802493351174,Faible,Critique,Normal,2025-04-28,BOA
Instrument,IF+AE,19.9,0.31379402124027367,0.041919904936488755,Faible,Critique,Normal,2025-10-29,RDS
Instrument,IF+AE,19.9,0.31511752627472234,0.03757539253804889,Faible,Critique,Normal,2025-01-07,FBR
Instrument,IF+AE,19.9,0.29620480187237774,0.08458365318553894,Faible,Critique,Normal,2025-08-26,DYT
Instrument,IF+AE,19.9,0.30538849173680827,0.06253637557586793,Faible,Critique,Normal,2025-01-17,DYT
Instrument,IF+AE,19.9,0.32079894491452277,0.026269443517095946,Faible,Critique,Normal,2025-08-26,FBR
Instrument,IF+AE,19.7,0.3122919612554791,0.03718750248979569,Faible,Critique,Normal,2025-09-01,JET
Instrument,IF+AE,19.7,0.31735530911914045,0.02478570516159573,Faible,Critique,Normal,2025-03-20,MIC
Instrument,IF+AE,19.7,0.3015591317932138,0.06081659845885851,Faible,Critique,Normal,2025-08-25,DYT
Instrument,IF+AE,19.7,0.24302129194502564,0.19805424264526172,Faible,Critique,Normal,2025-05-19,SAH
Instrument,IF+AE,19.7,0.3081897271401832,0.04638109283199873,Faible,Critique,Normal,2025-01-10,STR
Instrument,IF+AE,19.7,0.31470805656768497,0.033805964058461244,Faible,Critique,Normal,2025-01-22,ZDJ
Instrument,IF+AE,19.6,0.3168435349759542,0.023975433939082677,Faible,Critique,Normal,2025-12-26,ATW
Instrument,IF+AE,19.6,0.3167626053909033,0.022215344123054464,Faible,Critique,Normal,2025-03-21,SNP
Instrument,IF+AE,19.5,0.3127699529752591,0.029690203969825284,Faible,Critique,Normal,2025-04-08,ADH
Instrument,IF+AE,19.5,0.2961398168775832,0.06952169198377309,Faible,Critique,Normal,2025-12-15,BCI
Instrument,IF+AE,19.5,0.2680952409896734,0.13291698225269466,Faible,Critique,Normal,2025-01-16,SID
Instrument,IF+AE,19.5,0.31169463077347237,0.02988526013216513,Faible,Critique,Normal,2025-06-20,FBR
Instrument,IF+AE,19.5,0.31286314821050865,0.02925505947294854,Faible,Critique,Normal,2025-12-23,ZDJ
Instrument,IF+AE,19.4,0.31352923375098374,0.02173203986255114,Faible,Critique,Normal,2025-06-25,CMT
Instrument,IF+AE,19.4,0.31485957833488776,0.02119999945828385,Faible,Critique,Normal,2025-04-17,JET
Instrument,IF+AE,19.4,0.30780242643044753,0.03632316659926052,Faible,Critique,Normal,2025-10-14,FBR
Instrument,IF+AE,19.3,0.3057248209430883,0.03569328617875919,Faible,Critique,Normal,2025-07-09,SID
Instrument,IF+AE,19.3,0.30950940644029423,0.028919513262267278,Faible,Critique,Normal,2025-08-05,CRS
Instrument,IF+AE,19.3,0.29917854918351316,0.05319030973519798,Faible,Critique,Normal,2025-06-24,SBM
Instrument,IF+AE,19.3,0.3097535757033095,0.027464003410818692,Faible,Critique,Normal,2025-04-04,FBR
Instrument,IF+AE,19.3,0.30943094300733276,0.028765259306832953,Faible,Critique,Normal,2025-09-19,SNA
Instrument,IF+AE,19.2,0.30842391863458296,0.02783838286887982,Faible,Critique,Normal,2025-03-04,TGC
Instrument,IF+AE,19.2,0.2489172163895288,0.1645536105914019,Faible,Critique,Normal,2025-08-15,MOX
Instrument,IF+AE,19.2,0.3086356108792424,0.02719761008248248,Faible,Critique,Normal,2025-08-12,STR
Instrument,IF+AE,19.1,0.30568792385895016,0.03065033419087848,Faible,Critique,Normal,2025-03-19,SMI
Instrument,IF+AE,19.1,0.3021083706938593,0.03681435550400389,Faible,Critique,Normal,2025-02-27,JET
Instrument,IF+AE,19.1,0.30030085934953576,0.04169237609842679,Faible,Critique,Normal,2025-04-25,STR
Instrument,IF+AE,19.1,0.29346441051696626,0.05959891553420279,Faible,Critique,Normal,2025-10-29,NKL
Instrument,IF+AE,19.0,0.3041290225632328,0.029141471181182946,Faible,Critique,Normal,2025-04-16,AKT
Instrument,IF+AE,19.0,0.2963001041590859,0.04948318769593207,Faible,Critique,Normal,2025-12-26,BCI
Instrument,IF+AE,18.9,0.27760125943445846,0.089289260459927,Faible,Critique,Normal,2025-03-11,REB
Instrument,IF+AE,18.9,0.3038602381843968,0.024649251685923697,Faible,Critique,Normal,2025-04-07,ALM
Instrument,IF+AE,18.9,0.29975528034910215,0.037080385427647834,Faible,Critique,Normal,2025-10-21,ATL
Instrument,IF+AE,18.7,0.3022235675217376,0.022477291621756528,Faible,Critique,Normal,2025-01-17,ATL
Instrument,IF+AE,18.7,0.3016113890772758,0.02441011506921257,Faible,Critique,Normal,2025-04-24,SOT
Instrument,IF+AE,18.6,0.29848605690636876,0.025585659040124376,Faible,Critique,Normal,2025-03-21,MIC
Instrument,IF+AE,18.5,0.29829410930271694,0.022576459271124696,Faible,Critique,Normal,2025-11-12,ZDJ
Instrument,IF+AE,18.5,0.298140801236471,0.022652907861717447,Faible,Critique,Normal,2025-11-03,PRO
Instrument,IF+AE,18.5,0.29161150779445677,0.03766267598250459,Faible,Critique,Normal,2025-03-13,TGC
Instrument,IF+AE,18.4,0.2928484727136743,0.033329281151634804,Faible,Critique,Normal,2025-09-10,RDS
Instrument,IF+AE,18.4,0.28593518285047803,0.04835589735143795,Faible,Critique,Normal,2025-09-04,CMG
Instrument,IF+AE,18.4,0.296941306740108,0.022299847031507423,Faible,Critique,Normal,2025-03-28,DYT
Instrument,IF+AE,18.3,0.29535136722712385,0.021385250448579373,Faible,Critique,Normal,2025-04-09,CMT
Instrument,IF+AE,18.3,0.29535291095310867,0.022447592082027762,Faible,Critique,Normal,2025-06-18,TGC
Instrument,IF+AE,18.3,0.2655908266018332,0.09315118661901414,Faible,Critique,Normal,2025-09-10,FBR
Instrument,IF+AE,18.2,0.27588273490074977,0.063987309509305,Faible,Critique,Normal,2025-06-19,RDS
Instrument,IF+AE,18.2,0.2421580142353581,0.14373401433118957,Faible,Critique,Normal,2025-07-15,AFI
Instrument,IF+AE,18.2,0.2859346051922508,0.04103824826983095,Faible,Critique,Normal,2025-01-31,SLF
Instrument,IF+AE,18.2,0.2943614491681156,0.021428232401576628,Faible,Critique,Normal,2025-06-04,GAZ
Instrument,IF+AE,18.2,0.29200956649877163,0.025673093845770076,Faible,Critique,Normal,2025-03-28,SNP
Instrument,IF+AE,18.1,0.2886977220142236,0.029504992357723834,Faible,Critique,Normal,2025-02-18,MNG
Instrument,IF+AE,18.1,0.2359163029436544,0.15334589926478465,Faible,Critique,Normal,2025-05-06,WAA
Instrument,IF+AE,18.1,0.2861933770162969,0.036856265233038615,Faible,Critique,Normal,2025-12-11,ATL
Instrument,IF+AE,18.1,0.28038393465110445,0.048143227449422975,Faible,Critique,Normal,2025-09-09,CMG
Instrument,IF+AE,17.9,0.2604653981190881,0.0882289329913403,Faible,Critique,Normal,2025-04-04,MDP
Instrument,IF+AE,17.9,0.2861474659969365,0.030282258765092156,Faible,Critique,Normal,2025-10-30,LES
Instrument,IF+AE,17.9,0.276581775665415,0.05089025027795754,Faible,Critique,Normal,2025-04-28,BCI
Instrument,IF+AE,17.9,0.27473157482983135,0.056833837552127564,Faible,Critique,Normal,2025-06-17,RDS
Instrument,IF+AE,17.9,0.2729475212094489,0.05756177918514352,Faible,Critique,Normal,2025-10-21,NKL
Instrument,IF+AE,17.9,0.27296250004141953,0.060557585870138916,Faible,Critique,Normal,2025-06-26,SNA
Instrument,IF+AE,17.9,0.2868498775365017,0.026207550999466603,Faible,Critique,Normal,2025-10-03,CSR
Instrument,IF+AE,17.9,0.2796507673320944,0.04427336254118537,Faible,Critique,Normal,2025-10-15,VCN
Instrument,IF+AE,17.8,0.28247635525920467,0.032801137659933394,Faible,Critique,Normal,2025-03-24,MIC
Instrument,IF+AE,17.8,0.2651295586283102,0.07252171819488314,Faible,Critique,Normal,2025-09-02,CMG
Instrument,IF+AE,17.8,0.23221866817337322,0.1520122609916915,Faible,Critique,Normal,2025-01-20,CMG
Instrument,IF+AE,17.8,0.27966822510204437,0.040898865910053546,Faible,Critique,Normal,2025-04-21,RDS
Instrument,IF+AE,17.7,0.28272061746604804,0.02997128261549574,Faible,Critique,Normal,2025-09-09,RDS
Instrument,IF+AE,17.7,0.27135047466905104,0.054525784344552033,Faible,Critique,Normal,2025-09-09,BAL
Instrument,IF+AE,17.7,0.2804735463052742,0.033810825063436106,Faible,Critique,Normal,2025-08-28,PRO
Instrument,IF+AE,17.7,0.28339086814645065,0.02763867346869035,Faible,Critique,Normal,2025-08-01,MOX
Instrument,IF+AE,17.7,0.2749550709310664,0.04685415391586442,Faible,Critique,Normal,2025-01-09,SLF
Instrument,IF+AE,17.7,0.2509266554026327,0.10127318564804823,Faible,Critique,Normal,2025-08-13,INV
Instrument,IF+AE,17.6,0.2791353964956411,0.0316888278406145,Faible,Critique,Normal,2025-03-18,MSA
Instrument,IF+AE,17.6,0.2834341592377423,0.021692233673775325,Faible,Critique,Normal,2025-04-22,DHO
Instrument,IF+AE,17.6,0.24201727831608644,0.12043240013096969,Faible,Critique,Normal,2025-01-13,CTM
Instrument,IF+AE,17.5,0.281282433695037,0.025852908422131185,Faible,Critique,Normal,2025-09-15,SBM
Instrument,IF+AE,17.5,0.2731071439782322,0.04170435280245167,Faible,Critique,Normal,2025-06-05,MLE
Instrument,IF+AE,17.5,0.2735658713744784,0.04203633369001409,Faible,Critique,Normal,2025-08-29,CMG
Instrument,IF+AE,17.5,0.27681105097999037,0.0344299635679322,Faible,Critique,Normal,2025-12-05,STR
Instrument,IF+AE,17.4,0.2787984467571506,0.027791352556153233,Faible,Critique,Normal,2025-10-30,MLE
Instrument,IF+AE,17.4,0.27861911669126616,0.0251692584860244,Faible,Critique,Normal,2025-09-17,SNA
Instrument,IF+AE,17.3,0.2795049621345328,0.02135155306405594,Faible,Critique,Normal,2025-09-26,ATL
Instrument,IF+AE,17.3,0.2767262879199245,0.02629624167511909,Faible,Critique,Normal,2025-02-14,RDS
Instrument,IF+AE,17.2,0.27533222512474353,0.028504026429720473,Faible,Critique,Normal,2025-11-13,STR
Instrument,IF+AE,17.2,0.26732278008253463,0.04422369884511003,Faible,Critique,Normal,2025-05-09,TQM
Instrument,IF+AE,17.2,0.255431373585995,0.07452640188853715,Faible,Critique,Normal,2025-04-30,BOA
Instrument,IF+AE,17.2,0.27734053184197505,0.023086853563942973,Faible,Critique,Normal,2025-10-03,DWY
Instrument,IF+AE,17.2,0.2691988654833197,0.03971839040387523,Faible,Critique,Normal,2025-08-06,CRS
Instrument,IF+AE,17.1,0.2677211922330711,0.04051322444278571,Faible,Critique,Normal,2025-08-15,STR
Instrument,IF+AE,17.1,0.26867099968425756,0.03921400073744038,Faible,Critique,Normal,2025-07-25,RDS
Instrument,IF+AE,17.1,0.27352268607431596,0.028497142410007385,Faible,Critique,Normal,2025-12-03,CMT
Instrument,IF+AE,17.0,0.27415141260878306,0.02176654205889199,Faible,Critique,Normal,2025-11-25,UMR
Instrument,IF+AE,17.0,0.2724695526137787,0.02694041532979707,Faible,Critique,Normal,2025-12-04,STR
Instrument,IF+AE,17.0,0.2722500432524013,0.02475939390131899,Faible,Critique,Normal,2025-09-26,SID
Instrument,IF+AE,17.0,0.2733370863154677,0.02460999611076929,Faible,Critique,Normal,2025-09-18,SNA
Instrument,IF+AE,16.9,0.24215075029284594,0.09269403745930245,Faible,Critique,Normal,2025-09-24,SRM
Instrument,IF+AE,16.8,0.25647422165923084,0.053969387327324064,Faible,Critique,Normal,2025-11-17,REB
Instrument,IF+AE,16.8,0.239629305251843,0.09486051704536064,Faible,Critique,Normal,2025-01-15,CMG
Instrument,IF+AE,16.7,0.24304696556250271,0.08205497705031436,Faible,Critique,Normal,2025-01-07,INV
Instrument,IF+AE,16.7,0.2664755756886138,0.028389453906125222,Faible,Critique,Normal,2025-09-30,CMA
Instrument,IF+AE,16.7,0.24848219071281907,0.06816356742301127,Faible,Critique,Normal,2025-02-18,DHO
Instrument,IF+AE,16.7,0.26692720087008925,0.02682793518855155,Faible,Critique,Normal,2025-10-02,VCN
Instrument,IF+AE,16.6,0.2540359199610108,0.05193825691469278,Faible,Critique,Normal,2025-11-27,CMT
Instrument,IF+AE,16.5,0.2622541955391543,0.030242778086295243,Faible,Critique,Normal,2025-03-17,TGC
Instrument,IF+AE,16.5,0.22556333219751945,0.1157232364879796,Faible,Critique,Normal,2025-01-21,CMG
Instrument,IF+AE,16.5,0.2635100245699906,0.0263424493259959,Faible,Critique,Normal,2025-02-12,IAM
Instrument,IF+AE,16.5,0.25467904629401095,0.048490969986769356,Faible,Critique,Normal,2025-11-25,BAL
Instrument,IF+AE,16.5,0.2656769372575857,0.02129323955240888,Faible,Critique,Normal,2025-01-03,SID
Instrument,IF+AE,16.5,0.2573056066753797,0.0403180528177234,Faible,Critique,Normal,2025-01-09,LBV
Instrument,IF+AE,16.4,0.22264141457505515,0.11911665963120902,Faible,Critique,Normal,2025-03-19,SAH
Instrument,IF+AE,16.4,0.2637200958496615,0.021591216777936864,Faible,Critique,Normal,2025-04-22,SOT
Instrument,IF+AE,16.3,0.24815670725795125,0.05350112975252665,Faible,Critique,Normal,2025-11-14,AGM
Instrument,IF+AE,16.3,0.2489422182165485,0.05316967976111923,Faible,Critique,Normal,2025-09-12,JET
Instrument,IF+AE,16.2,0.23366106005878062,0.08628774829360678,Faible,Critique,Normal,2025-01-15,CTM
Instrument,IF+AE,16.2,0.19989387934509784,0.16325828870575537,Normal,Critique,Normal,2025-07-14,CTM
Instrument,IF+AE,16.1,0.2511435167490954,0.04133660887094467,Faible,Critique,Normal,2025-03-20,JET
Instrument,IF+AE,16.1,0.24099537448080988,0.06553294969067194,Faible,Critique,Normal,2025-04-29,DHO
Instrument,IF+AE,16.0,0.24492855577338057,0.050979921657521604,Faible,Critique,Normal,2025-03-20,AGM
Instrument,IF+AE,16.0,0.25603429585034243,0.02606248550058364,Faible,Critique,Normal,2025-08-26,PRO
Instrument,IF+AE,15.9,0.24511541363795875,0.04732305444481436,Faible,Critique,Normal,2025-03-04,MIC
Instrument,IF+AE,15.9,0.25097436231712744,0.03363140330184863,Faible,Critique,Normal,2025-11-24,CMT
Instrument,IF+AE,15.8,0.25188321959366444,0.024910249609762226,Faible,Critique,Normal,2025-10-28,NKL
Instrument,IF+AE,15.8,0.21903872107970612,0.10437097866023047,Faible,Critique,Normal,2025-11-26,CMT
Instrument,IF+AE,15.8,0.25234452649941663,0.023998697125545764,Faible,Critique,Normal,2025-11-21,CMT
Instrument,IF+AE,15.8,0.25046616861983906,0.028704823284096237,Faible,Critique,Normal,2025-06-06,IBC
Instrument,IF+AE,15.7,0.2370181033078198,0.05630033583320642,Faible,Critique,Normal,2025-04-29,BOA
Instrument,IF+AE,15.7,0.2502538030110253,0.027368318540691813,Faible,Critique,Normal,2025-08-07,ZDJ
Instrument,IF+AE,15.7,0.20347170833278505,0.1348277407073446,Faible,Critique,Normal,2025-07-10,AFI
Instrument,IF+AE,15.6,0.24831882362576674,0.025601174467443647,Faible,Critique,Normal,2025-01-21,ATL
Instrument,IF+AE,15.6,0.23034552025643495,0.07107863842686092,Faible,Critique,Normal,2025-05-30,CMG
Instrument,IF+AE,15.6,0.2468692044013615,0.03088565228797376,Faible,Critique,Normal,2025-03-25,MOX
Instrument,IF+AE,15.5,0.22985043724084653,0.0666840736844002,Faible,Critique,Normal,2025-10-06,HPS
Instrument,IF+AE,15.5,0.21249811576872102,0.10820286453305827,Faible,Critique,Normal,2025-01-16,CTM
Instrument,IF+AE,15.3,0.2152580795562935,0.09206817246787452,Faible,Critique,Normal,2025-04-04,DYT
Instrument,IF+AE,15.3,0.24499664956484934,0.022583396607751955,Faible,Critique,Normal,2025-02-20,TQM
Instrument,IF+AE,15.2,0.24337989405379168,0.02436364707224299,Faible,Critique,Normal,2025-06-18,RDS
Instrument,IF+AE,15.2,0.24434819973601385,0.021480075497796024,Faible,Critique,Normal,2025-01-22,SID
Instrument,IF+AE,15.2,0.22539382465446378,0.0648835436666353,Faible,Critique,Normal,2025-07-31,RDS
Instrument,IF+AE,15.1,0.2412188391755351,0.02273826729167229,Faible,Critique,Normal,2025-11-26,BAL
Instrument,IF+AE,15.1,0.24219972092261144,0.02159542564182572,Faible,Critique,Normal,2025-08-01,GAZ
Instrument,IF+AE,15.0,0.2350432002526477,0.03407763521092387,Faible,Critique,Normal,2025-09-09,SBM
Instrument,IF+AE,15.0,0.24055679523510565,0.02268509856354107,Faible,Critique,Normal,2025-06-24,SLF
Instrument,IF+AE,14.9,0.23874355048946638,0.022641770623369313,Faible,Critique,Normal,2025-04-23,SID
Instrument,IF+AE,14.9,0.22645999774550407,0.051186096618152176,Faible,Critique,Normal,2025-05-21,SLF
Instrument,IF+AE,14.8,0.21803908390838955,0.06523224650938722,Faible,Critique,Normal,2025-05-05,WAA
Instrument,IF+AE,14.7,0.21911707938417546,0.05992440943861269,Faible,Critique,Normal,2025-11-28,CMT
Instrument,IF+AE,14.7,0.21857089359550375,0.06149186235406731,Faible,Critique,Normal,2025-05-02,CTM
Instrument,IF+AE,14.7,0.22891563644447366,0.03688364580220665,Faible,Critique,Normal,2025-12-18,MLE
Instrument,IF+AE,14.6,0.23322688331461172,0.024841707150297872,Faible,Critique,Normal,2025-12-25,CAP
Instrument,IF+AE,14.6,0.1759087009896847,0.15821387625607738,Normal,Critique,Normal,2025-04-30,CIH
Instrument,IF+AE,14.6,0.2249156232268923,0.04191370688597063,Faible,Critique,Normal,2025-06-16,IBC
Instrument,IF+AE,14.6,0.23078673247427584,0.028003704078931806,Faible,Critique,Normal,2025-10-23,VCN
Instrument,IF+AE,14.6,0.2277603769689781,0.0348367841472646,Faible,Critique,Normal,2025-07-03,RDS
Instrument,IF+AE,14.5,0.2223182001494537,0.04458769318211255,Faible,Critique,Normal,2025-05-16,CDM
Instrument,IF+AE,14.5,0.23175639398061354,0.022603096991223117,Faible,Critique,Normal,2025-07-18,SMI
Instrument,IF+AE,14.4,0.23076419005167448,0.02358096166271075,Faible,Critique,Normal,2025-02-18,S2M
Instrument,IF+AE,14.4,0.21680583223201744,0.05463339933490808,Faible,Critique,Normal,2025-02-26,JET
Instrument,IF+AE,14.4,0.2104261560697227,0.06961053836558448,Faible,Critique,Normal,2025-08-11,SAH
Instrument,IF+AE,14.4,0.21145150186012984,0.0649847483265335,Faible,Critique,Normal,2025-03-24,RIS
Instrument,IF+AE,14.4,0.22455575050794274,0.03774871300970632,Faible,Critique,Normal,2025-04-30,DHO
Instrument,IF+AE,14.4,0.20705931357537677,0.07530751578093299,Faible,Critique,Normal,2025-06-26,SAH
Instrument,IF+AE,14.4,0.21640322413212765,0.05615316287050763,Faible,Critique,Normal,2025-08-19,STR
Instrument,IF+AE,14.4,0.1942666407636655,0.10866550286590937,Normal,Critique,Normal,2025-06-16,TQM
Instrument,IF+AE,14.3,0.21439920747740326,0.05570032453123622,Faible,Critique,Normal,2025-06-03,EQD
Instrument,IF+AE,14.3,0.2186457659933162,0.04693730686507778,Faible,Critique,Normal,2025-04-02,DYT
Instrument,IF+AE,14.3,0.22326248227164036,0.033949363492306456,Faible,Critique,Normal,2025-08-28,LES
Instrument,IF+AE,14.3,0.2247211717374653,0.032102485481484734,Faible,Critique,Normal,2025-06-06,MLE
Instrument,IF+AE,14.3,0.2213000991018249,0.040229345433237765,Faible,Critique,Normal,2025-06-06,SNA
Instrument,IF+AE,14.3,0.2264915859701686,0.026158376339605143,Faible,Critique,Normal,2025-10-16,RDS
Instrument,IF+AE,14.2,0.22126304804538155,0.03663501275667636,Faible,Critique,Normal,2025-08-08,MAB
Instrument,IF+AE,14.1,0.22300340192262125,0.027080200159722605,Faible,Critique,Normal,2025-12-02,CMT
Instrument,IF+AE,14.1,0.2182015960331043,0.039289005749188734,Faible,Critique,Normal,2025-05-19,RDS
Instrument,IF+AE,14.1,0.21982399676415598,0.03380249832713317,Faible,Critique,Normal,2025-03-19,SBM
Instrument,IF+AE,14.1,0.21977932022214708,0.03709788305381192,Faible,Critique,Normal,2025-02-04,SRM
Instrument,IF+AE,14.1,0.21891755204400642,0.03922863519668066,Faible,Critique,Normal,2025-12-04,MIC
Instrument,IF+AE,14.0,0.21725892769995359,0.03730145041693375,Faible,Critique,Normal,2025-08-27,AFI
Instrument,IF+AE,13.9,0.21559990171097188,0.03606745226068321,Faible,Critique,Normal,2025-11-14,STR
Instrument,IF+AE,13.9,0.2072143493430062,0.05605327990615726,Faible,Critique,Normal,2025-01-27,BAL
Instrument,IF+AE,13.9,0.2222937963985253,0.021969333344118616,Faible,Critique,Normal,2025-04-18,MUT
Instrument,IF+AE,13.9,0.2169448245642932,0.03292016740623319,Faible,Critique,Normal,2025-11-21,BCP
Instrument,IF+AE,13.9,0.2140952616944899,0.039721136941657346,Faible,Critique,Normal,2025-08-18,STR
Instrument,IF+AE,13.8,0.1935873984442511,0.08482782713255063,Normal,Critique,Normal,2025-10-30,BCI
Instrument,IF+AE,13.8,0.21083998996185105,0.04532995188998554,Faible,Critique,Normal,2025-09-22,CIH
Instrument,IF+AE,13.8,0.21609062320166927,0.030704712788998074,Faible,Critique,Normal,2025-06-02,EQD
Instrument,IF+AE,13.7,0.21810907606064556,0.02395187443108879,Faible,Critique,Normal,2025-03-05,RDS
Instrument,IF+AE,13.7,0.21928957589818876,0.022445340575047667,Faible,Critique,Normal,2025-07-10,SNA
Instrument,IF+AE,13.7,0.20743853037482585,0.04784900166539351,Faible,Critique,Normal,2025-08-07,CRS
Instrument,IF+AE,13.7,0.21708017097924814,0.026408539160425407,Faible,Critique,Normal,2025-07-08,RIS
Instrument,IF+AE,13.7,0.21044332891577766,0.042993249645607884,Faible,Critique,Normal,2025-09-08,FBR
Instrument,IF+AE,13.7,0.21200714779375174,0.03791986450647253,Faible,Critique,Normal,2025-06-11,SNA
Instrument,IF+AE,13.7,0.2097670416513352,0.042818078376367315,Faible,Critique,Normal,2025-07-10,LBV
Instrument,IF+AE,13.6,0.21648939809476564,0.022331554641626852,Faible,Critique,Normal,2025-08-01,MIC
Instrument,IF+AE,13.6,0.2094483900787577,0.04032788631436894,Faible,Critique,Normal,2025-10-10,RDS
Instrument,IF+AE,13.6,0.2099613763474365,0.04055479485965044,Faible,Critique,Normal,2025-09-09,FBR
Instrument,IF+AE,13.6,0.19499956143609543,0.07547854332839483,Normal,Critique,Normal,2025-11-10,DHO
Instrument,IF+AE,13.6,0.2141752935442679,0.030906213970261595,Faible,Critique,Normal,2025-01-09,ARD
Instrument,IF+AE,13.6,0.21390767168801972,0.030759618702486953,Faible,Critique,Normal,2025-10-15,SNA
Instrument,IF+AE,13.6,0.21693850881154375,0.021360002090876753,Faible,Critique,Normal,2025-02-21,TQM
Instrument,IF+AE,13.5,0.20922067700700187,0.03539835109495783,Faible,Critique,Normal,2025-07-17,LBV
Instrument,IF+AE,13.5,0.21356473427455258,0.026936176929084794,Faible,Critique,Normal,2025-07-10,ALM
Instrument,IF+AE,13.5,0.2120384374041866,0.030406843733308042,Faible,Critique,Normal,2025-06-30,SNA
Instrument,IF+AE,13.5,0.21301655769109262,0.028410582245183724,Faible,Critique,Normal,2025-12-02,MIC
Instrument,IF+AE,13.4,0.19445905825991883,0.06625351986100302,Normal,Critique,Normal,2025-12-02,SBM
Instrument,IF+AE,13.4,0.2130710376459537,0.02276900027391766,Faible,Critique,Normal,2025-03-20,MOX
Instrument,IF+AE,13.4,0.20505857026366237,0.04301277086043229,Faible,Critique,Normal,2025-06-16,RDS
Instrument,IF+AE,13.4,0.20794183155451207,0.03594642702485748,Faible,Critique,Normal,2025-03-27,ADH
Instrument,IF+AE,13.4,0.21215694400930707,0.025183469949823994,Faible,Critique,Normal,2025-07-07,MSA
Instrument,IF+AE,13.3,0.20979073556671712,0.027760867990225407,Faible,Critique,Normal,2025-06-10,MLE
Instrument,IF+AE,13.3,0.20887545006571118,0.02949605517530536,Faible,Critique,Normal,2025-01-08,WAA
Instrument,IF+AE,13.2,0.21082317229937853,0.023312898532520755,Faible,Critique,Normal,2025-01-09,IBC
Instrument,IF+AE,13.0,0.1913263146160783,0.0602191319925138,Normal,Critique,Normal,2025-02-19,CMG
Instrument,IF+AE,13.0,0.2024572865488239,0.03504347182333209,Faible,Critique,Normal,2025-01-09,BCI
Instrument,IF+AE,12.9,0.20149526123245376,0.030725763365310157,Faible,Critique,Normal,2025-05-06,ADI
Instrument,IF+AE,12.9,0.2064757685329507,0.021267047264680778,Faible,Critique,Normal,2025-05-28,MLE
Instrument,IF+AE,12.9,0.1995182012033,0.03526262532101982,Normal,Critique,Normal,2025-11-25,CMT
Instrument,IF+AE,12.9,0.19939554833149586,0.035678855804943205,Normal,Critique,Normal,2025-01-31,RIS
Instrument,IF+AE,12.8,0.18225033562343573,0.07382494562631729,Normal,Critique,Normal,2025-06-30,SAH
Instrument,IF+AE,12.8,0.20331435367560746,0.024978921825185452,Faible,Critique,Normal,2025-09-25,S2M
Instrument,IF+AE,12.7,0.19968546124587871,0.027891314324181057,Normal,Critique,Normal,2025-08-08,SOT
Instrument,IF+AE,12.7,0.20152460381297743,0.022052474562453746,Faible,Critique,Normal,2025-12-05,SOT
Instrument,IF+AE,12.7,0.1958608328491751,0.0353874994285799,Normal,Critique,Normal,2025-01-31,SNA
Instrument,IF+AE,12.7,0.1906790889503489,0.047605522865535016,Normal,Critique,Normal,2025-05-30,SOT
Instrument,IF+AE,12.6,0.18527772282902322,0.05754194328205448,Normal,Critique,Normal,2025-12-01,CMT
Instrument,IF+AE,12.6,0.20023338852018224,0.022476495985043907,Faible,Critique,Normal,2025-12-30,INV
Instrument,IF+AE,12.6,0.19718367417435712,0.02993620333528125,Normal,Critique,Normal,2025-08-05,RDS
Instrument,IF+AE,12.6,0.19630704207183447,0.03045084514802293,Normal,Critique,Normal,2025-10-02,INV
Instrument,IF+AE,12.5,0.19876225621591492,0.022422063263975087,Normal,Critique,Normal,2025-04-30,SMI
Instrument,IF+AE,12.5,0.18924132727998244,0.046010869514750065,Normal,Critique,Normal,2025-02-24,CMG
Instrument,IF+AE,12.5,0.1978243827373768,0.025073108774421034,Normal,Critique,Normal,2025-06-12,MLE
Instrument,IF+AE,12.4,0.18412741742761096,0.05141615627309849,Normal,Critique,Normal,2025-03-13,MSA
Instrument,IF+AE,12.4,0.18792834699453587,0.0441178008392168,Normal,Critique,Normal,2025-01-23,HPS
Instrument,IF+AE,12.3,0.19374424858667116,0.025080186775718362,Normal,Critique,Normal,2025-06-24,ATL
Instrument,IF+AE,12.3,0.19276534737527484,0.02906892546109006,Normal,Critique,Normal,2025-06-05,ADH
Instrument,IF+AE,12.3,0.1878890774760097,0.03985368097734479,Normal,Critique,Normal,2025-12-19,VCN
Instrument,IF+AE,12.2,0.18648669749053393,0.03766295030396785,Normal,Critique,Normal,2025-11-24,STR
Instrument,IF+AE,12.2,0.18615722349844,0.04069056901864228,Normal,Critique,Normal,2025-10-10,AKT
Instrument,IF+AE,12.2,0.183524499044886,0.04609995827564822,Normal,Critique,Normal,2025-09-04,STR
Instrument,IF+AE,12.2,0.1840786033689733,0.04364336269956352,Normal,Critique,Normal,2025-01-16,DYT
Instrument,IF+AE,12.1,0.19000921319528674,0.02768253002178821,Normal,Critique,Normal,2025-09-29,RDS
Instrument,IF+AE,12.1,0.19314051099568375,0.021234475657481208,Normal,Critique,Normal,2025-12-19,BCI
Instrument,IF+AE,12.0,0.17513687100869835,0.0585865053098737,Normal,Critique,Normal,2025-04-29,CMA
Instrument,IF+AE,12.0,0.16337794186774468,0.08685800709190906,Normal,Critique,Normal,2025-05-07,DHO
Instrument,IF+AE,12.0,0.18466948157027607,0.03416794781046753,Normal,Critique,Normal,2025-12-04,DYT
Instrument,IF+AE,11.9,0.17234343853795564,0.06097344028539739,Normal,Critique,Normal,2025-04-28,SBM
Instrument,IF+AE,11.9,0.17552893217007992,0.054303182111865404,Normal,Critique,Normal,2025-09-15,REB
Instrument,IF+AE,11.9,0.1785093513379158,0.046091810626698024,Normal,Critique,Normal,2025-10-14,MDP
Instrument,IF+AE,11.9,0.18396534821660482,0.03423175045099463,Normal,Critique,Normal,2025-06-13,TGC
Instrument,IF+AE,11.8,0.15749626049381238,0.09275845311711313,Normal,Critique,Normal,2025-03-13,AFI
Instrument,IF+AE,11.8,0.18179682998674906,0.0330824613890035,Normal,Critique,Normal,2025-05-12,BCI
Instrument,IF+AE,11.8,0.18018312277125237,0.03948542893860439,Normal,Critique,Normal,2025-09-17,CIH
Instrument,IF+AE,11.8,0.18480601020865894,0.027063905846719732,Normal,Critique,Normal,2025-01-24,CMG
Instrument,IF+AE,11.7,0.1804717606031686,0.03576702013215221,Normal,Critique,Normal,2025-05-16,SLF
Instrument,IF+AE,11.7,0.1809128942277317,0.033330958368317544,Normal,Critique,Normal,2025-12-23,M2M
Instrument,IF+AE,11.7,0.1555183786513703,0.09400905548823973,Normal,Critique,Normal,2025-02-18,AGM
Instrument,IF+AE,11.6,0.17846386144882298,0.0329374751984537,Normal,Critique,Normal,2025-02-20,S2M
Instrument,IF+AE,11.6,0.18233216566557497,0.027105019405164788,Normal,Critique,Normal,2025-07-28,RDS
Instrument,IF+AE,11.5,0.17273460642606675,0.045872511317214794,Normal,Critique,Normal,2025-01-08,MOX
Instrument,IF+AE,11.5,0.17675050282069626,0.03628798809481349,Normal,Critique,Normal,2025-09-30,TMA
Instrument,IF+AE,11.4,0.17975311380596481,0.02368087092879697,Normal,Critique,Normal,2025-02-11,AGM
Instrument,IF+AE,11.3,0.176753464973042,0.026125946347799623,Normal,Critique,Normal,2025-11-17,STR
Instrument,IF+AE,11.2,0.1585933433874943,0.06596442966059526,Normal,Critique,Normal,2025-01-06,MOX
Instrument,IF+AE,11.2,0.16765335306535067,0.044437071145876056,Normal,Critique,Normal,2025-01-07,COL
Instrument,IF+AE,11.2,0.17587494612768273,0.026328958138478794,Normal,Critique,Normal,2025-08-18,IBC
Instrument,IF+AE,11.2,0.17529369421291585,0.02629953008888147,Normal,Critique,Normal,2025-05-22,S2M
Instrument,IF+AE,11.2,0.17594041205327537,0.026471741886631914,Normal,Critique,Normal,2025-09-26,RDS
Instrument,IF+AE,11.1,0.17217278691680327,0.030774464841931817,Normal,Critique,Normal,2025-07-31,MIC
Instrument,IF+AE,11.0,0.17234957254441818,0.02614390896754808,Normal,Critique,Normal,2025-04-23,CIH
Instrument,IF+AE,11.0,0.16185450453769779,0.05001440131999317,Normal,Critique,Normal,2025-05-16,DHO
Instrument,IF+AE,11.0,0.17241952508149294,0.025168268577320876,Normal,Critique,Normal,2025-04-28,MOX
Instrument,IF+AE,11.0,0.16740384987850976,0.03787880076871374,Normal,Critique,Normal,2025-05-13,LBV
Instrument,IF+AE,11.0,0.16600982617788107,0.03892021239461648,Normal,Critique,Normal,2025-10-22,IBC
Instrument,IF+AE,11.0,0.16216388803754078,0.04998256820567153,Normal,Critique,Normal,2025-01-30,SLF
Instrument,IF+AE,10.9,0.1609911623105006,0.04702676852722765,Normal,Critique,Normal,2025-09-29,ATH
Instrument,IF+AE,10.9,0.17088097850209594,0.023559982214530296,Normal,Critique,Normal,2025-09-03,STR
Instrument,IF+AE,10.9,0.16826293867270492,0.030481843540253937,Normal,Critique,Normal,2025-03-14,SID
Instrument,IF+AE,10.8,0.16885750379973863,0.02608684039897941,Normal,Critique,Normal,2025-02-20,M2M
Instrument,IF+AE,10.8,0.14017351869663486,0.09383572463370715,Normal,Critique,Normal,2025-04-25,CDM
Instrument,IF+AE,10.8,0.16154600156029797,0.04199321275189885,Normal,Critique,Normal,2025-01-13,DYT
Instrument,IF+AE,10.7,0.16358790796880796,0.034857769577611185,Normal,Critique,Normal,2025-09-04,ATL
Instrument,IF+AE,10.7,0.1558440134686654,0.05123230125714148,Normal,Critique,Normal,2025-10-30,M2M
Instrument,IF+AE,10.7,0.16692681941783105,0.028393792600814774,Normal,Critique,Normal,2025-08-29,ATW
Instrument,IF+AE,10.6,0.15674893255673528,0.047055227021598436,Normal,Critique,Normal,2025-06-13,ADI
Instrument,IF+AE,10.5,0.14497248472836022,0.0714282927458701,Normal,Critique,Normal,2025-05-02,GAZ
Instrument,IF+AE,10.5,0.16309753463607202,0.02870208790602137,Normal,Critique,Normal,2025-07-24,RDS
Instrument,IF+AE,10.5,0.14302502992387167,0.07362945559591196,Normal,Critique,Normal,2025-01-22,CMG
Instrument,IF+AE,10.5,0.15130987078123725,0.055581061680116374,Normal,Critique,Normal,2025-03-07,S2M
Instrument,IF+AE,10.4,0.14737506044925341,0.06148269831125751,Normal,Critique,Normal,2025-05-29,M2M
Instrument,IF+AE,10.4,0.16023420872588878,0.03167545593796561,Normal,Critique,Normal,2025-07-11,SID
Instrument,IF+AE,10.4,0.15789063726636776,0.034741956537577695,Normal,Critique,Normal,2025-01-27,DYT
Instrument,IF+AE,10.4,0.16446281829959675,0.021601670369624407,Normal,Critique,Normal,2025-04-30,STR
Instrument,IF+AE,10.3,0.14342855609483962,0.06519180624466057,Normal,Critique,Normal,2025-07-21,ATH
Instrument,IF+AE,10.3,0.1616370643651529,0.02318731508279649,Normal,Critique,Normal,2025-09-22,ATW
Instrument,IF+AE,10.3,0.15464970280766155,0.04139868500293806,Normal,Critique,Normal,2025-09-18,VCN
Instrument,IF+AE,10.3,0.1570406938762282,0.03587243078828966,Normal,Critique,Normal,2025-09-12,FBR
Instrument,IF+AE,10.3,0.1628817399617507,0.02183834862256757,Normal,Critique,Normal,2025-08-08,S2M
Instrument,IF+AE,10.3,0.15666466039661686,0.03668053908025801,Normal,Critique,Normal,2025-12-03,MIC
Instrument,IF+AE,10.3,0.15342323304807803,0.042341226287787026,Normal,Critique,Normal,2025-01-10,SBM
Instrument,IF+AE,10.3,0.15413907230911783,0.04078869392380506,Normal,Critique,Normal,2025-01-10,SID
Instrument,IF+AE,10.2,0.1561740380209058,0.033112231708605076,Normal,Critique,Normal,2025-03-19,DWY
Instrument,IF+AE,10.2,0.15989360036004618,0.02553440067010363,Normal,Critique,Normal,2025-03-14,MSA
Instrument,IF+AE,10.2,0.15622433840104666,0.03047145008697674,Normal,Critique,Normal,2025-03-12,RDS
Instrument,IF+AE,10.2,0.16023057009767083,0.022160229379989738,Normal,Critique,Normal,2025-12-15,M2M
Instrument,IF+AE,10.2,0.15959798199455832,0.023929058351526374,Normal,Critique,Normal,2025-11-12,AGM
Instrument,IF+AE,10.1,0.15404352914775266,0.031995217495971395,Normal,Critique,Normal,2025-02-14,IAM
Instrument,IF+AE,10.1,0.1553839680242396,0.032284288126246494,Normal,Critique,Normal,2025-09-18,CIH
Instrument,IF+AE,10.1,0.15148337598603612,0.040893261690125346,Normal,Critique,Normal,2025-03-13,LBV
Instrument,IF+AE,10.1,0.1437527741410084,0.05590551923349504,Normal,Critique,Normal,2025-06-06,JET
Instrument,IF+AE,10.0,0.15499846079442947,0.029284100952746448,Normal,Critique,Normal,2025-02-06,CMT
Instrument,IF+AE,10.0,0.14779752926834366,0.04251366120969237,Normal,Critique,Normal,2025-03-19,MOX
Instrument,IF+AE,10.0,0.15189821625857647,0.03459658091646175,Normal,Critique,Normal,2025-08-07,TGC
Instrument,IF+AE,10.0,0.1517148565933104,0.035058155723131375,Normal,Critique,Normal,2025-01-13,SNP
Instrument,IF+AE,10.0,0.15394113781632834,0.028121791116101733,Normal,Critique,Normal,2025-07-22,ATH
Instrument,IF+AE,9.9,0.15188018060396824,0.029595994817155524,Normal,Critique,Normal,2025-12-24,M2M
Instrument,IF+AE,9.9,0.15578051829670259,0.021846771792468585,Normal,Critique,Normal,2025-11-10,VCN
Instrument,IF+AE,9.9,0.15135014890830245,0.03258086684592611,Normal,Critique,Normal,2025-01-16,ARD
Instrument,IF+AE,9.8,0.15280580497721918,0.025620146386672035,Normal,Critique,Normal,2025-05-09,CMT
Instrument,IF+AE,9.8,0.13811115786206996,0.05775211981718501,Normal,Critique,Normal,2025-12-15,ZDJ
Instrument,IF+AE,9.8,0.15096774191049922,0.0306449109459527,Normal,Critique,Normal,2025-12-12,ATL
Instrument,IF+AE,9.7,0.14689393106668758,0.03292685133553029,Normal,Critique,Normal,2025-05-30,EQD
Instrument,IF+AE,9.7,0.14540738543065823,0.039008407144593436,Normal,Critique,Normal,2025-09-09,STR
Instrument,IF+AE,9.7,0.15032378583641248,0.02842477866337522,Normal,Critique,Normal,2025-04-04,CMG
Instrument,IF+AE,9.7,0.15124052483270312,0.022826205528931207,Normal,Critique,Normal,2025-03-21,M2M
Instrument,IF+AE,9.6,0.13984251195368225,0.046224138730768895,Normal,Critique,Normal,2025-08-12,INV
Instrument,IF+AE,9.6,0.14766455819423263,0.02833189716985488,Normal,Critique,Normal,2025-08-05,ADH
Instrument,IF+AE,9.6,0.14640522600171924,0.03172186587657695,Normal,Critique,Normal,2025-05-23,JET
Instrument,IF+AE,9.6,0.14425709955951682,0.03796798407238564,Normal,Critique,Normal,2025-01-08,FBR
Instrument,IF+AE,9.6,0.1491745015983963,0.025059195144610066,Normal,Critique,Normal,2025-07-23,AFI
Instrument,IF+AE,9.6,0.13613238489216006,0.057348812582190684,Normal,Critique,Normal,2025-09-01,AFI
Instrument,IF+AE,9.6,0.14770186315144118,0.029186707939755682,Normal,Critique,Normal,2025-07-31,FBR
Instrument,IF+AE,9.4,0.14201547736419784,0.036240253584684676,Normal,Critique,Normal,2025-08-18,ADI
Instrument,IF+AE,9.3,0.14353659246892758,0.02624182832466192,Normal,Critique,Normal,2025-08-15,IBC
Instrument,IF+AE,9.1,0.1423031679617056,0.021922832947506913,Normal,Critique,Normal,2025-01-07,ADI
Instrument,IF+AE,9.0,0.1407187280651261,0.02291144192173146,Normal,Critique,Normal,2025-08-13,IBC
Instrument,IF+AE,8.9,0.12932215887111176,0.04631715303561868,Normal,Critique,Normal,2025-09-24,SMI
Instrument,IF+AE,8.9,0.1384738222803662,0.024704974222064288,Normal,Critique,Normal,2025-06-13,MSA
Instrument,IF+AE,8.9,0.13683614824218726,0.028021750148203413,Normal,Critique,Normal,2025-08-15,INV
Instrument,IF+AE,8.8,0.13362017310343932,0.030182696654618327,Normal,Critique,Normal,2025-08-08,TGC
Instrument,IF+AE,8.8,0.1196331518903343,0.06492443190146407,Normal,Critique,Normal,2025-03-21,RIS
Instrument,IF+AE,8.8,0.11574304802322599,0.07355867121548379,Normal,Critique,Normal,2025-04-29,LHM
Instrument,IF+AE,8.7,0.1339319858556831,0.025560590982651732,Normal,Critique,Normal,2025-05-20,AKT
Instrument,IF+AE,8.7,0.13393517612709005,0.0260644396155928,Normal,Critique,Normal,2025-09-29,AFI
Instrument,IF+AE,8.7,0.13475254367165534,0.022582781787213093,Normal,Critique,Normal,2025-11-03,VCN
Instrument,IF+AE,8.7,0.13418647510721515,0.024736290117000712,Normal,Critique,Normal,2025-03-18,ATH
Instrument,IF+AE,8.7,0.12691756808892252,0.04394419523699099,Normal,Critique,Normal,2025-09-26,IMO
Instrument,IF+AE,8.7,0.1340652003074031,0.024146119366184403,Normal,Critique,Normal,2025-02-05,CMG
Instrument,IF+AE,8.7,0.1325094056506273,0.029211136415707162,Normal,Critique,Normal,2025-10-28,MOX
Instrument,IF+AE,8.7,0.13315835184827973,0.026883256859545252,Normal,Critique,Normal,2025-08-22,ADI
Instrument,IF+AE,8.7,0.13202757466021953,0.030516522547153608,Normal,Critique,Normal,2025-09-08,STR
Instrument,IF+AE,8.6,0.12469422885027237,0.04210609767317857,Normal,Critique,Normal,2025-10-28,SRM
Instrument,IF+AE,8.5,0.12880012023994358,0.028747361126976567,Normal,Critique,Normal,2025-05-22,RDS
Instrument,IF+AE,8.5,0.12768836004078676,0.033684065920678546,Normal,Critique,Normal,2025-08-27,INV
Instrument,IF+AE,8.5,0.11124800392666778,0.07108405821849324,Normal,Critique,Normal,2025-01-21,HPS
Instrument,IF+AE,8.5,0.13003095734404346,0.026199550550240924,Normal,Critique,Normal,2025-04-25,M2M
Instrument,IF+AE,8.4,0.12973590100073873,0.023025408342368544,Normal,Critique,Normal,2025-05-23,SAH
Instrument,IF+AE,8.3,0.1284967137901648,0.024597095270256563,Normal,Critique,Normal,2025-07-24,CTM
Instrument,IF+AE,8.3,0.12681237203130236,0.02603803781757016,Normal,Critique,Normal,2025-04-03,CRS
Instrument,IF+AE,8.3,0.11504333457831106,0.05455928078743287,Normal,Critique,Normal,2025-03-11,RDS
Instrument,IF+AE,8.3,0.12816169233302233,0.02205304266254726,Normal,Critique,Normal,2025-05-21,RDS
Instrument,IF+AE,8.3,0.12296160396869182,0.03614700064391247,Normal,Critique,Normal,2025-11-25,STR
Instrument,IF+AE,8.2,0.12411255710557034,0.029516564633762718,Normal,Critique,Normal,2025-12-16,NKL
Instrument,IF+AE,8.1,0.12315744083173841,0.027472554157601133,Normal,Critique,Normal,2025-03-13,CMT
Instrument,IF+AE,8.1,0.11799736734358834,0.04147816144187591,Normal,Critique,Normal,2025-07-23,COL
Instrument,IF+AE,8.1,0.1180842455909249,0.04088244158987947,Normal,Critique,Normal,2025-06-23,AFI
Instrument,IF+AE,8.1,0.12206854225576969,0.02872454362891729,Normal,Critique,Normal,2025-03-27,IBC
Instrument,IF+AE,8.0,0.11670539286527115,0.03969964758748034,Normal,Critique,Normal,2025-08-29,AFI
Instrument,IF+AE,8.0,0.1192754015100026,0.03283924805451774,Normal,Critique,Normal,2025-07-22,CMG
Instrument,IF+AE,7.9,0.12142767589017667,0.024411594655679436,Normal,Critique,Normal,2025-10-22,HPS
Instrument,IF+AE,7.9,0.11459510943763185,0.03922407436082314,Normal,Critique,Normal,2025-05-09,CMA
Instrument,IF+AE,7.8,0.1180951107212912,0.02687732015134231,Normal,Critique,Normal,2025-08-06,ADH
Instrument,IF+AE,7.8,0.12048860758702029,0.024119604810178243,Normal,Critique,Normal,2025-04-25,NKL
Instrument,IF+AE,7.8,0.11407637286756112,0.037837728802062175,Normal,Critique,Normal,2025-08-04,SAH
Instrument,IF+AE,7.8,0.10936991724853418,0.04970792046738175,Normal,Critique,Normal,2025-04-29,CIH
Instrument,IF+AE,7.8,0.1210290995107699,0.02135522796604293,Normal,Critique,Normal,2025-09-26,ATH
Instrument,IF+AE,7.7,0.09626775847623592,0.07595492927883454,Normal,Critique,Normal,2025-02-21,AGM
Instrument,IF+AE,7.7,0.11372583034845829,0.036089457922917983,Normal,Critique,Normal,2025-10-23,RIS
Instrument,IF+AE,7.7,0.11537756916957542,0.02868384606329006,Normal,Critique,Normal,2025-07-16,DWY
Instrument,IF+AE,7.7,0.11726220398674037,0.02632182006358924,Normal,Critique,Normal,2025-11-03,NKL
Instrument,IF+AE,7.5,0.11462129543801791,0.02455116575973052,Normal,Critique,Normal,2025-01-29,DYT
Instrument,IF+AE,7.5,0.11091870509295709,0.03416893417020525,Normal,Critique,Normal,2025-02-28,CFG
Instrument,IF+AE,7.5,0.11250364917360878,0.030677754720025954,Normal,Critique,Normal,2025-05-28,MUT
Instrument,IF+AE,7.4,0.11204341838171972,0.024983356185619414,Normal,Critique,Normal,2025-09-04,AFI
Instrument,IF+AE,7.2,0.10673275832149942,0.03093832943475694,Normal,Critique,Normal,2025-06-26,DHO
Instrument,IF+AE,7.1,0.1085806060004203,0.021937386838915007,Normal,Critique,Normal,2025-02-03,BCP
Instrument,IF+AE,7.1,0.10938824060760799,0.021166252878871344,Normal,Critique,Normal,2025-08-11,IBC
Instrument,IF+AE,7.1,0.10552439609937503,0.030119927332753958,Normal,Critique,Normal,2025-07-09,RIS
Instrument,IF+AE,7.1,0.10176269715449582,0.03999511023916292,Normal,Critique,Normal,2025-12-12,NKL
Instrument,IF+AE,7.0,0.10369178595117523,0.03178290388083618,Normal,Critique,Normal,2025-05-09,MOX
Instrument,IF+AE,7.0,0.10264519972315589,0.03272668485582951,Normal,Critique,Normal,2025-08-04,ADH
Instrument,IF+AE,6.9,0.10633504247948711,0.021440067606994073,Normal,Critique,Normal,2025-12-15,DWY
Instrument,IF+AE,6.9,0.10198180952284397,0.031148487869080952,Normal,Critique,Normal,2025-05-23,FBR
Instrument,IF+AE,6.9,0.10070974515536468,0.03518290515222904,Normal,Critique,Normal,2025-12-10,ATL
Instrument,IF+AE,6.8,0.09760021441634126,0.03791269770876374,Normal,Critique,Normal,2025-05-08,CMA
Instrument,IF+AE,6.8,0.10442935061820591,0.02148538622113853,Normal,Critique,Normal,2025-01-08,COL
Instrument,IF+AE,6.8,0.10305474162819395,0.022391241190734483,Normal,Critique,Normal,2025-06-06,MOX
Instrument,IF+AE,6.7,0.09928185462062467,0.028831552379262444,Normal,Critique,Normal,2025-07-25,LES
Instrument,IF+AE,6.6,0.09632130926132032,0.03263840181945894,Normal,Critique,Normal,2025-09-16,UMR
Instrument,IF+AE,6.6,0.08888273522284962,0.04899804471051514,Normal,Critique,Normal,2025-01-07,HPS
Instrument,IF+AE,6.5,0.09842422888980551,0.02397749788366057,Normal,Critique,Normal,2025-10-31,SOT
Instrument,IF+AE,6.5,0.09630619568820142,0.026355086954844942,Normal,Critique,Normal,2025-05-13,BCI
Instrument,IF+AE,6.5,0.09966630329829218,0.021420918207648004,Normal,Critique,Normal,2025-01-28,ADI
Instrument,IF+AE,6.4,0.09475178826047292,0.029568855269585668,Normal,Critique,Normal,2025-03-14,CMA
Instrument,IF+AE,6.4,0.09685428026505727,0.02301165533873853,Normal,Critique,Normal,2025-01-31,MUT
Instrument,IF+AE,6.3,0.09259249940464775,0.030104859122585672,Normal,Critique,Normal,2025-03-10,RDS
Instrument,IF+AE,6.2,0.08185669189420297,0.049242811254965435,Normal,Critique,Normal,2025-01-08,HPS
Instrument,IF+AE,6.1,0.09028634152144366,0.02792267798400843,Normal,Critique,Normal,2025-01-03,CRS
Instrument,IF+AE,6.0,0.08844976306496977,0.028967018880777642,Normal,Critique,Normal,2025-02-10,HPS
Instrument,IF+AE,6.0,0.07465152402941189,0.06043991006035296,Normal,Critique,Normal,2025-01-20,ADI
Instrument,IF+AE,5.9,0.08732145967535032,0.0242287191375004,Normal,Critique,Normal,2025-05-27,FBR
Instrument,IF+AE,5.9,0.08799452899986016,0.024253273328890976,Normal,Critique,Normal,2025-02-19,MDP
Instrument,IF+AE,5.9,0.08834889771030541,0.022672165219941046,Normal,Critique,Normal,2025-01-20,HPS
Instrument,IF+AE,5.8,0.07753866855596303,0.04353491626862315,Normal,Critique,Normal,2025-11-27,BCP
Instrument,IF+AE,5.7,0.08515818457649982,0.022461135016599614,Normal,Critique,Normal,2025-03-10,S2M
Instrument,IF+AE,5.7,0.07932062068131729,0.0360665185598201,Normal,Critique,Normal,2025-01-31,LES
Instrument,IF+AE,5.5,0.08291275583369273,0.02120609289790935,Normal,Critique,Normal,2025-01-07,IBC
Instrument,IF+AE,5.5,0.07646843639790812,0.03370195961472462,Normal,Critique,Normal,2025-01-15,JET
Instrument,IF+AE,5.4,0.07733667891034812,0.02786420944991021,Normal,Critique,Normal,2025-12-17,NKL
Instrument,IF+AE,5.3,0.07806732360184654,0.0247043519932437,Normal,Critique,Normal,2025-02-21,SRM
Instrument,IF+AE,5.3,0.07692641347064533,0.02655470444336978,Normal,Critique,Normal,2025-01-22,HPS
Instrument,IF+AE,5.3,0.07598600338530459,0.028988710396231052,Normal,Critique,Normal,2025-05-12,ADH
Instrument,IF+AE,5.3,0.07444660703543227,0.03230537551837941,Normal,Critique,Normal,2025-03-10,UMR
Instrument,IF+AE,5.2,0.0688754560905106,0.04013740781594391,Normal,Critique,Normal,2025-01-24,COL
Instrument,IF+AE,5.1,0.07330462457584497,0.027715210030726526,Normal,Critique,Normal,2025-12-16,TMA
Instrument,IF+AE,5.1,0.07543722656977869,0.02311315723430216,Normal,Critique,Normal,2025-06-18,AFI
Instrument,IF+AE,5.0,0.07296489299628006,0.02247905603192603,Normal,Critique,Normal,2025-07-18,SBM
Instrument,IF+AE,5.0,0.069632655585387,0.03242443312780502,Normal,Critique,Normal,2025-02-03,LES
Instrument,IF+AE,4.9,0.07188673057526085,0.021902309475645608,Normal,Critique,Normal,2025-08-11,RIS
Instrument,IF+AE,4.9,0.07124097115289996,0.026300631633840263,Normal,Critique,Normal,2025-01-30,MUT
Instrument,IF+AE,4.8,0.07096964736291822,0.021782090590107592,Normal,Critique,Normal,2025-10-27,S2M
Instrument,IF+AE,4.8,0.0698786849668438,0.02348736395407018,Normal,Critique,Normal,2025-07-28,SBM
Instrument,IF+AE,4.8,0.06946639767647933,0.024842249001092536,Normal,Critique,Normal,2025-12-12,MIC
Instrument,IF+AE,4.7,0.06470656310007561,0.03117223330707526,Normal,Critique,Normal,2025-02-18,SRM
Instrument,IF+AE,4.7,0.06540987568007417,0.031061611083562687,Normal,Critique,Normal,2025-02-11,EQD
Instrument,IF+AE,4.7,0.06497913149931633,0.029410443339305696,Normal,Critique,Normal,2025-09-30,IMO
Instrument,IF+AE,4.7,0.06810875761718338,0.0221003630453013,Normal,Critique,Normal,2025-09-15,STR
Instrument,IF+AE,4.4,0.06073822123585604,0.029509856682575483,Normal,Critique,Normal,2025-01-10,JET
Instrument,IF+AE,4.3,0.062280134626295225,0.021478695559128298,Normal,Critique,Normal,2025-01-23,CFG
Instrument,IF+AE,4.1,0.05518770652769256,0.029593040705795944,Normal,Critique,Normal,2025-01-29,LES
Instrument,IF+AE,4.0,0.056860643377413145,0.024491934019657984,Normal,Critique,Normal,2025-01-29,MUT
Instrument,IF+AE,3.6,0.04838509059040319,0.02576115597486513,Normal,Critique,Normal,2025-04-29,NKL
Instrument,IF+AE,3.1,0.041393396353444745,0.024075458174415875,Normal,Critique,Normal,2025-10-10,DYT
OrderFlow,IF+AE,87.4,0.790395325332292,0.428548841610882,Critique,Critique,Critique,2025-12-31,GTM
OrderFlow,IF+AE,86.4,0.7975649467713595,0.41331322163281836,Critique,Critique,Critique,2025-12-30,GTM
OrderFlow,IF+AE,81.1,0.8112182037349922,0.3468968049798976,Critique,Critique,Critique,2025-12-15,CAP
OrderFlow,IF+AE,63.9,1.0,0.0422832602859453,Critique,Critique,Modéré,2025-12-25,GTM
OrderFlow,IF+AE,62.7,0.9139625952114847,0.08452799472486923,Critique,Critique,Modéré,2025-12-26,GTM
OrderFlow,IF+AE,61.6,0.9924123891117573,0.02198084391536477,Critique,Critique,Modéré,2025-12-12,CAP
OrderFlow,IF+AE,59.9,0.975605946671764,0.014880799255696827,Critique,Critique,Faible,2025-12-24,GTM
OrderFlow,IF+AE,58.5,0.8725044694292748,0.06550116721280326,Critique,Critique,Faible,2025-12-29,GTM
OrderFlow,IF+AE,57.9,0.7747863306415603,0.12231317430881443,Critique,Critique,Faible,2025-12-16,CAP
OrderFlow,IF+AE,56.2,0.9317738386978374,0.003348539813771679,Critique,Critique,Faible,2025-12-11,CAP
OrderFlow,IF+AE,51.8,0.8618770193317064,0.00043917933545652935,Critique,Modéré,Faible,2025-12-17,GTM
OrderFlow,IF+AE,50.8,0.8463355033255473,0.0002462791294948367,Critique,Faible,Faible,2025-12-10,CAP
OrderFlow,IF+AE,50.8,0.8458026303769003,0.00023959273150694031,Critique,Faible,Faible,2025-12-18,GTM
OrderFlow,IF+AE,50.2,0.8362416787984732,0.00022435660310530126,Critique,Faible,Faible,2025-12-08,CAP
OrderFlow,IF+AE,43.6,0.7151498584929391,0.00783206750102459,Critique,Critique,Faible,2025-12-17,CAP
OrderFlow,IF+AE,43.0,0.7124002800962433,0.0029743632119922235,Critique,Critique,Faible,2025-12-18,CAP
OrderFlow,IF+AE,41.7,0.6555202190535103,0.02553141345008544,Critique,Critique,Faible,2025-12-19,CAP
OrderFlow,IF+AE,40.0,0.6116899622800186,0.03520527330685631,Critique,Critique,Faible,2025-12-22,CAP
OrderFlow,IF+AE,39.9,0.6623174078795342,0.0019092202962919269,Critique,Critique,Normal,2025-12-26,AKT
OrderFlow,IF+AE,39.5,0.6415267999256363,0.011012899780268618,Critique,Critique,Normal,2025-12-29,CAP
OrderFlow,IF+AE,38.7,0.6417059171162943,0.0025821869174893503,Critique,Critique,Normal,2025-12-16,AKT
OrderFlow,IF+AE,38.2,0.6203715647627956,0.010602653718608773,Critique,Critique,Normal,2025-12-24,AKT
OrderFlow,IF+AE,38.2,0.6180972529652056,0.011864388229534374,Critique,Critique,Normal,2025-12-26,CAP
OrderFlow,IF+AE,37.2,0.6025295481421331,0.010830862695246371,Critique,Critique,Normal,2025-12-25,CAP
OrderFlow,IF+AE,36.8,0.6011835803726999,0.008122792283982262,Critique,Critique,Normal,2025-12-24,CAP
OrderFlow,IF+AE,36.6,0.5825706426109822,0.017127220467211445,Critique,Critique,Normal,2025-12-31,CAP
OrderFlow,IF+AE,35.6,0.5863998996441169,0.004505966751328004,Critique,Critique,Normal,2025-12-02,S2M
OrderFlow,IF+AE,34.9,0.5757964113449925,0.004211730297682641,Critique,Critique,Normal,2025-12-25,AKT
OrderFlow,IF+AE,34.8,0.5741718216069465,0.0036611218453773786,Critique,Critique,Normal,2025-12-15,AKT
OrderFlow,IF+AE,34.4,0.5675538416626679,0.004017857708654524,Critique,Critique,Normal,2025-12-30,CAP
OrderFlow,IF+AE,34.2,0.5658107510936077,0.002349206467459355,Critique,Critique,Normal,2025-12-23,CAP
OrderFlow,IF+AE,33.5,0.5542146158221216,0.002784808868092345,Critique,Critique,Normal,2025-12-01,EQD
OrderFlow,IF+AE,33.5,0.5542146158221216,0.0027848088680916994,Critique,Critique,Normal,2025-12-17,AFM
OrderFlow,IF+AE,33.5,0.5542146158221216,0.0027848088680916994,Critique,Critique,Normal,2025-12-11,TMA
OrderFlow,IF+AE,32.9,0.5440171880566644,0.0028741422101062693,Critique,Critique,Normal,2025-12-29,TGC
OrderFlow,IF+AE,32.9,0.5420888309904988,0.004001743608401145,Critique,Critique,Normal,2025-12-18,AKT
OrderFlow,IF+AE,32.8,0.5445012493326074,0.0015560932820360995,Critique,Critique,Normal,2025-12-17,TGC
OrderFlow,IF+AE,32.8,0.5148924707273059,0.020915202377544122,Critique,Critique,Normal,2025-12-26,TGC
OrderFlow,IF+AE,32.0,0.5311748978628577,0.0010541869331444295,Critique,Critique,Normal,2025-12-30,ATW
OrderFlow,IF+AE,31.8,0.5244907101847893,0.0039525289179623046,Critique,Critique,Normal,2025-12-29,ATW
OrderFlow,IF+AE,31.5,0.5226331173858139,0.0015300443936516952,Critique,Critique,Normal,2025-12-30,SNA
OrderFlow,IF+AE,31.2,0.5149972711868072,0.0028029719691493524,Critique,Critique,Normal,2025-12-23,AKT
OrderFlow,IF+AE,31.0,0.5131961749648769,0.0018671091751614798,Critique,Critique,Normal,2025-12-26,WAA
OrderFlow,IF+AE,30.3,0.5053756508644909,0.00013733140525759615,Critique,Faible,Normal,2025-12-26,IAM
OrderFlow,IF+AE,30.3,0.48352528701112985,0.01336999638758797,Critique,Critique,Normal,2025-12-25,DHO
OrderFlow,IF+AE,30.2,0.502496845084215,7.071747051587411e-05,Critique,Normal,Normal,2025-12-26,ATW
OrderFlow,IF+AE,29.9,0.49717623895141116,0.0012430128037497227,Critique,Critique,Normal,2025-12-31,AKT
OrderFlow,IF+AE,28.9,0.48105661042810033,2.9860501819991494e-05,Critique,Normal,Normal,2025-12-26,BCP
OrderFlow,IF+AE,28.3,0.45757963379877353,0.009424536080330713,Critique,Critique,Normal,2025-12-25,TGC
OrderFlow,IF+AE,27.8,0.459750238901828,0.0019217800749909877,Critique,Critique,Normal,2025-12-29,SNA
OrderFlow,IF+AE,27.7,0.4585802177753041,0.001541761359073692,Critique,Critique,Normal,2025-12-12,AKT
OrderFlow,IF+AE,27.7,0.45001290988276965,0.007889851736240436,Critique,Critique,Normal,2025-12-19,TGC
OrderFlow,IF+AE,27.3,0.45426146293962033,1.5970517506209724e-05,Critique,Normal,Normal,2025-12-26,CSR
OrderFlow,IF+AE,27.3,0.45494446668222854,0.00010282257213102608,Critique,Faible,Normal,2025-12-31,ARD
OrderFlow,IF+AE,26.9,0.4455942418658496,0.0014825486113129204,Critique,Critique,Normal,2025-12-29,AKT
OrderFlow,IF+AE,26.8,0.4444382908382384,0.0013672782441360267,Critique,Critique,Normal,2025-12-15,ADH
OrderFlow,IF+AE,26.8,0.4433691173162029,0.0018220947628997035,Critique,Critique,Normal,2025-12-30,ADH
OrderFlow,IF+AE,26.7,0.4448113682074888,0.0004895095612940784,Critique,Modéré,Normal,2025-12-26,SNA
OrderFlow,IF+AE,26.6,0.44287285856641234,0.0005232912031265576,Critique,Modéré,Normal,2025-12-19,AKT
OrderFlow,IF+AE,26.6,0.4423410024340019,0.000978440816878427,Critique,Critique,Normal,2025-12-05,MNG
OrderFlow,IF+AE,26.2,0.4366782942772732,0.0001382646212216555,Critique,Faible,Normal,2025-12-26,ARD
OrderFlow,IF+AE,25.7,0.4278145622338625,0.00017111633670460573,Critique,Faible,Normal,2025-12-30,IAM
OrderFlow,IF+AE,25.5,0.4193925280796753,0.003746281791077644,Critique,Critique,Normal,2025-12-26,ADH
OrderFlow,IF+AE,25.5,0.42354252377225,0.0012335886403412445,Critique,Critique,Normal,2025-12-01,ADH
OrderFlow,IF+AE,25.4,0.42177135184258796,0.0006647533456378994,Critique,Modéré,Normal,2025-12-01,VCN
OrderFlow,IF+AE,25.4,0.42175742656543647,0.0011860748603828887,Critique,Critique,Normal,2025-12-29,ADH
OrderFlow,IF+AE,25.2,0.42061139849589346,1.624015525520224e-05,Critique,Normal,Normal,2025-12-11,IAM
OrderFlow,IF+AE,25.0,0.4161351092309963,8.228646450480515e-05,Critique,Normal,Normal,2025-12-31,MUT
OrderFlow,IF+AE,25.0,0.40427164509536795,0.007814006025156087,Critique,Critique,Normal,2025-12-15,TGC
OrderFlow,IF+AE,24.9,0.4137139405414837,0.0010460849052306112,Critique,Critique,Normal,2025-12-17,AKT
OrderFlow,IF+AE,24.7,0.4110554889201652,6.28948830513736e-05,Critique,Normal,Normal,2025-12-26,CMG
OrderFlow,IF+AE,24.4,0.4000968654163881,0.00471426351582854,Critique,Critique,Normal,2025-12-16,MSA
OrderFlow,IF+AE,23.9,0.397535294646291,0.00021397506180185287,Critique,Faible,Normal,2025-12-26,DHO
OrderFlow,IF+AE,23.8,0.39663445944274867,0.00010717149939578969,Critique,Faible,Normal,2025-12-24,IAM
OrderFlow,IF+AE,23.6,0.39304771806456795,9.604343169379957e-06,Critique,Normal,Normal,2025-12-26,LHM
OrderFlow,IF+AE,23.5,0.38998460303179916,0.0006849484178196601,Critique,Modéré,Normal,2025-12-01,TGC
OrderFlow,IF+AE,23.4,0.3895494171370443,0.00010999978133230097,Critique,Faible,Normal,2025-12-16,CMA
OrderFlow,IF+AE,23.3,0.3890589661390529,1.031140378640552e-05,Critique,Normal,Normal,2025-12-26,BOA
OrderFlow,IF+AE,23.3,0.3868030278880017,0.0007576711027868372,Modéré,Critique,Normal,2025-12-31,SNA
OrderFlow,IF+AE,23.2,0.3790594447145387,0.005021692174146082,Modéré,Critique,Normal,2025-12-03,TGC
OrderFlow,IF+AE,23.2,0.38110695561261143,0.0035433416060742066,Modéré,Critique,Normal,2025-12-30,TGC
OrderFlow,IF+AE,23.1,0.3760704705084795,0.005604911342795197,Modéré,Critique,Normal,2025-12-02,TGC
OrderFlow,IF+AE,22.3,0.3651950797800366,0.0036962212673581677,Modéré,Critique,Normal,2025-12-12,TGC
OrderFlow,IF+AE,21.9,0.3583714844803091,0.004021667029219021,Modéré,Critique,Normal,2025-12-24,TGC
OrderFlow,IF+AE,21.6,0.3546442363598322,0.003746484966619482,Modéré,Critique,Normal,2025-12-30,MSA
OrderFlow,IF+AE,21.1,0.3463891566799876,0.0033319919499130344,Modéré,Critique,Normal,2025-12-31,ADH
OrderFlow,IF+AE,20.8,0.3421353422557615,0.002454367386701028,Modéré,Critique,Normal,2025-12-05,TGC
OrderFlow,IF+AE,19.5,0.3223542062486978,0.002015942874580504,Modéré,Critique,Normal,2025-12-30,VCN
OrderFlow,IF+AE,18.7,0.3069569588459047,0.0030686448801206952,Modéré,Critique,Normal,2025-12-26,RDS
OrderFlow,IF+AE,18.4,0.3048729542365368,0.0011801435905107543,Faible,Critique,Normal,2025-12-02,ADH
OrderFlow,IF+AE,18.2,0.2998451501141908,0.002147604872719607,Faible,Critique,Normal,2025-12-11,TGC
OrderFlow,IF+AE,17.8,0.2952551211229615,0.001202047352107626,Faible,Critique,Normal,2025-12-12,HPS
OrderFlow,IF+AE,17.1,0.28291364789053053,0.0013494895263495266,Faible,Critique,Normal,2025-12-15,IMO
OrderFlow,IF+AE,17.1,0.2844272784818376,0.0008180745818488252,Faible,Critique,Normal,2025-12-24,DHO
OrderFlow,IF+AE,17.0,0.28167361630579013,0.001136740308112402,Faible,Critique,Normal,2025-12-10,TGC
OrderFlow,IF+AE,16.5,0.2724485305886012,0.0014613249833836132,Faible,Critique,Normal,2025-12-25,CMG
OrderFlow,IF+AE,16.4,0.2704938702669625,0.0013984554259068355,Faible,Critique,Normal,2025-12-24,ATL
OrderFlow,IF+AE,15.4,0.2551932169051456,0.0011834906632046509,Faible,Critique,Normal,2025-12-22,MOX
OrderFlow,IF+AE,14.9,0.24677641580619292,0.0012599932764989154,Faible,Critique,Normal,2025-12-09,ADH
OrderFlow,IF+AE,14.6,0.24173894044322908,0.0014520226680674745,Faible,Critique,Normal,2025-12-25,VCN
OrderFlow,IF+AE,14.0,0.23183449768290165,0.0013186299611554035,Faible,Critique,Normal,2025-12-05,CMG
